PRIMARY_KEY,FK_SYS_ASSET_NUM_MAIN,SYS_MODEL_NUM,SYS_TYPE,SYS_USR,SYS_PRE_OS,SYS_RUNING_OS,SYS_CPU,SYS_HDD,SYS_RAM,SOFT_OFFICE,SOFT_VS,SOFT_W_CAL,SOFT_RDP,SOFT_SQL,SOFT_SQL_CAL,SYS_DEPT,SYS_WARRANTY_AMC,SYS_EXPIRY,SYS_LAST_UPDATED,SYS_STATUS_INFO,SYS_PURCHASE_VALUE,SYS_PURCHASE_YEAR,SYS_VALUE_PERIOD,SYS_MIN_VALUE,SYS_CURRENT_VALUE,SYS_IP,SYS_HOST,SYS_DEPLOY,SYS_USAGE,REQUEST_USER,IS_APPROVED,APPROVED_BY,USR_UPDATE_TIME,ADMIN_UPDATE_TIME,USR_EDIT_COLUMN
1,IKM/HRD/2013/D-A23,DELLPTILEX60,D,ITENDERHEET,Winista,WinP,C2Q2.83,320,3,2010,, ,1,,,AARACCOUNTS),,,18-Jun-22,,63666,2009,5,5000,5000,,,,,,1,,,,
2,IKM/HRD/2013/D-B03,DELL5OSTRO30A,D,VSEST,NO,Win7ro,,,,2010,2013, ,,,,AARACCOUNTS),,,09-Sep-22,STOCK,45000,2011,5,8000,8000,,,,,,1,,,,
3,IKM/HRD/2013/D-B77,HPRO090T,D,NARESH ,Win7ro,Win7ro,c2d2.93,320,2,2010,,,,,,AARACCOUNTS),,,18-Jun-22,,29500,2011,5,5000,5000,,,,,,1,,,,
4,IKM/HRD/2017/S-A62,THINKSERVERS140,S,BACKUPSRV,,Winerver003,INTELEONR)PU3-1226,1TB,8GB,,,,,,,AARACCOUNTS),,,09-Sep-22,,,,,,0,,,,,,1,,,,
5,IKM/HRD/2019/D-A17,DELLPTIPLEX050,D,MANOJHARMA,Win10,Win10,I7-7770,1TB,8,2010,,,,,,AARACCOUNTS),,,20-Sep-22,,,,,,0,,,,,,1,,,,
6,IKM/HRD/2022/D-A94,HPRODESK004CIT,D,RAJESHI ,WIN10,WIN10,I5-8500,1TB,8B,2010,,1,,,,AARACCOUNTS),,,20-Sep-22,,,,,,0,,,,,,1,,,,
7,IKM/HRD/2022/S-D12,LENOVOR650,S,SHILPI_NEW,,Winerver012,INTELEONR)ILVER110 ,1.2B,48GB,,,,,,,AARACCOUNTS),,,09-Sep-22,,,,,,0,,,,,,1,,,,
8,IKM/HRD/2019/D-A46,ASSAMBLE,D,MAHESHALONEY ,NO,WIN10,I7-3930K,,,2010,,,,,,AARIT),,,21-Jun-22,,,,,,0,,,,,,1,,,,
9,IKM/HRD/2019/D-A50,HP2802FF,D,PRIYANKA,WIN10,WIN10,I5-6500,,4,2010,,,,,,AARIT),,,21-Jun-22,,,,,,0,,,,,,1,,,,
10,IKM/HRD/2019/D-A52,ASSAMBLE,D,AVDHESHYAGI,NO,Win7ro,I7-4790K,120SDB,16,2010,,,,,,AARIT),,,20-Sep-22,,,,,,0,,,,,,1,,,,
11,IKM/HRD/2019/D-A54,ASSAMBLE,D,RAGHAVESTARKET,NO ,LINUX,I7-3930K,120SD ,16,,,,,,,AARIT),,,20-Jun-22,,,,,,0,,,,,,1,,,,
12,IKM/HRD/2022/D-A88,ASSEMBLE,D,192.168.1.164,NO,LINUX,,,,,,,,,,AARIT),,,09-Sep-22,,,,,,0,,,,,,1,,,,
13,IKM/HRD/2022/D-A90,ASSAMBLE,D,192.168.1.64,NO,Win7ro,i7,,,2010,,,,,,AARIT),,,20-Sep-22,,,,,,0,,,,,,1,,,,
14,IKM/HRD/2022/D-A95,ASSEMBLE,D,192.168.1.107,NO,Winerver008NT.,i7-6700K,120,32,2010,2019,,,,,AARIT),,,20-Sep-22,,,,,,0,,,,,,1,,,,
15,IKM/HRD/2022/D-A96,DELL,D,192.168.1.115,,,Intel(R)eon(R)-224GPU3.50GHz,,16B,2010,,,,,,AARIT),,,20-Sep-22,,,,,,0,,,,,,1,,,,
16,IKM/HRD/2022/D-A64,HPRODESK004CIT,D,KESHAVHA,WIN10,WIN10,I5-8500,1TB,8,2010,,,,,,AARSOFTWARE),,,01-Sep-22,,,,,,0,,,,,,1,,,,
17,IKM/HRD/2013/D-B76,DELLOSTRO30A,D,DATADASE_KESHAV,NO,Win7ro,CORE7,500B,2,2010,,,,,,AARSOFTWARE),,,26-Sep-22,KESHAVLD,65000,2011,5,10000,10000,,,,,,1,,,,
18,IKM/HRD/2013/D-A24,HPDX480T,D,,Winista,WinP,C2D2.93,320,2,,, ,1,,,AARTRADING),,,14-Sep-22,,29300,2009,5,5000,5000,,,,,,1,,,,
19,IKM/HRD/2013/D-A47,HPRO090T,D,JEET ,Win7ro,WinP,C2D2.93,320B,2B,,,1,1,,,AARTRADING),,,14-Sep-22,,29500,2011,5,5000,5000,,,,,,1,,,,
20,IKM/HRD/2013/D-A71,HPDX480T,D,FREE,Winista,WinP,C2D2.8,320B,2B,2010,, ,,,,AARTRADING),,,14-Sep-22,,29300,2009,5,5000,5000,,,,,,1,,,,
21,IKM/HRD/2013/D-A95,HPRO090T,D,LEASEERVER,Win7ro,Win7ro,,,,,,1,,,,AARTRADING),,,18-Jun-22,,29500,2011,5,5000,5000,,,,,,1,,,,
22,IKM/HRD/2013/D-B08,DELLVOSTRO20,D,MANOJUMAR,NO,Win7ro,,,,2007,, ,,,,AARTRADING),,,18-Jun-22,,50000,2010,5,8000,8000,,,,,,1,,,,
23,IKM/HRD/2013/D-B16,HPRO090T,D,PRIYA,Win7ro,Win7ro,C2D2.93,,,2010,, ,,,,AARTRADING),,,18-Jun-22,,29500,2011,5,5000,5000,,,,,,1,,,,
24,IKM/HRD/2013/D-B33,DELL30,D,DEVDAS,NO,Win7ro,C2D.93,250B,2B,,,1,1,,,AARTRADING),,,09-Sep-22,,65000,2010,5,9000,9000,,,,,,1,,,,
25,IKM/HRD/2017/D-A13,HPESKTOPROCIT,D,NISHANT,WIN10,Win10,I5,500GB,4B,2000,,,,,,AARTRADING),Wattanty,18.08.2020,18-Jun-22,,48000,DRept.,Wattanty,18.08.2020,,,,,,,1,,,,
26,IKM/HRD/2019/D-A40,HP803T,D,BISHAN,WIN10,WIN10,,,,,2017,,,,,AARTRADING),,,21-Jun-22,,,,,,0,,,,,,1,,,,
27,IKM/HRD/2022/D-B12,ASSEMBLE,D,DURGA,,,,,,,,,,,,AARTRADING),,,20-Jun-22,,,,,,0,,,,,,1,,,,
28,IKM/HRD/2013/D-B86,DELLASTRO60A,D,PRAMODAIN ,NO,Win7ro,CORE7,,,2010,, ,,,,ACCOUNTSHOME),,,20-Jun-22,,45000,2011,5,7000,7000,,,,,,1,,,,
29,IKM/HRD/2019/D-A48,HP802T,D,TILAK ,WIN10,WIN10,I5-6500,,,2010,,,,,,ACCOUNTSHOME),,,20-Jun-22,,,,,,0,,,,,,1,,,,
30,IKM/HRD/2019/D-A49,HP802T,D,SUBHASH ,WIN10,WIN10,I5-6500,1TB,4,2010,,,,,,ACCOUNTSHOME),,,20-Jun-22,,,,,,0,,,,,,1,,,,
31,IKM/HRD/2022/D-B13,HP80RO5TUSINESSC,D,NARESH-JI,Win10,WIN11,I5-9400F,1Tb,8GB,,,,,,,ACCOUNTSHOME),,,09-Sep-22,,,,,,0,,,,,,1,,,,
32,IKM/HRD/2022/D-B14,HP80RO5TUSINESSC,D,RAJESH,Win10,WIN11,I5-9400F,1TB,8GB,,,,,,,ACCOUNTSHOME),,,09-Sep-22,,,,,,0,,,,,,1,,,,
33,IKM/HRD/2013/D-A02,HPDX480T,D,REETA,Winista,Win7ro,C2D2.9,160,2,,, ,1,,,ADHOME),,,20-Jun-22,,29300,2009,5,5000,5000,,,,,,1,,,,
34,IKM/HRD/2013/D-A03,HPRO090T,D,ITENDER,Win7ro,Win7ro,C2D2.8,320,2,,, ,1,,,ADHOME),,,09-Sep-22,,29500,2011,5,5000,5000,,,,,,1,,,,
35,IKM/HRD/2013/D-A88,DELLPTILEX80,D,DHEERAJIR,Win7ro,Win7ro,,,,,, ,,,,ADHOME),,,20-Jun-22,,75000,2010,5,10000,10000,,,,,,1,,,,
36,IKM/HRD/2013/D-B00,HPRO090T,D,HARIOM,Win7ro,Win7ro,C2D.93,320B,3B,,, ,,,,ADHOME),,,09-Sep-22,,29500,2011,5,5000,5000,,,,,,1,,,,
37,IKM/HRD/2013/D-B42,HPDX480T,D,DEEPAKUPTA,Winista ,Win7ro,C2D.80,320B,3B,,, ,,,,ADHOME),,,20-Jun-22,,29300,2009,5,5000,5000,,,,,,1,,,,
38,IKM/HRD/2013/D-B70,HPRO090T,D,VIJAY,Win7ro,Win7ro,c2d2.93,320,2,2010,,1,,,,ADHOME),,,09-Sep-22,,29500,2011,5,5000,5000,,,,,,1,,,,
39,IKM/HRD/2013/D-B74,HPX280T,D,DALIP,WinP,Win7ro,c2d2.20,160,1,,, ,1,,,ADHOME),,,20-Jun-22,,30000,2008,5,5000,5000,,,,,,1,,,,
40,IKM/HRD/2022/D-B06,HPRODESK(NEW),D,DHEERAJALRA,WIN10,WIN11,I5-8500,1TB,8GB,,, ,,,,ADHOME),,,08-Sep-22,,,,,,0,,,,,,1,,,,
41,IKM/HRD/2022/D-B07,HPESKTOPROCIT(NEW),D,DHEERAJALRA,WIN10,WIN11,I5-8500,1TB,8B,2010,, ,,,,ADHOME),,,08-Sep-22,,,,,,0,,,,,,1,,,,
42,IKM/HRD/2022/D-B08,HPRODESK004,D,SHANTI,WIN10,WIN10,I5-6500,,4,2010,,,,,,ADHOME),,,20-Jun-22,,,,,,0,,,,,,1,,,,
43,IKM/HRD/2022/D-B10,HP06T,D,DEVDAS,WIN10,WIN10,I5-6500,1TB,4B,,,,,,,ADHOME),,,08-Sep-22,,,,,,0,,,,,,1,,,,
44,IKM/HRD/2022/D-B11,HP302,D,DINESHHARMA,WIN10,WIN10,I5-6500,500B,4B,,,,,,,ADHOME),,,08-Sep-22,,,,,,0,,,,,,1,,,,
45,IKM/HRD/2013/D-A15,HPRO090T,D,FREE,Win7ro,WinP,C2D2.66,320,2,,, ,1,,,Disposeff,,,14-Nov-19,,29500,2011,5,5000,5000,,,,,,1,,,,
46,IKM/HRD/2013/D-A20,LENOVO75,D,DEEPAKUPTA,Winista,WinP,PD2.8,80,1,,, ,1,,,Disposeff,,,14-Nov-19,,25000,2007,5,3000,3000,,,,,,1,,,,
47,IKM/HRD/2013/D-A27,HPDX480T,D,ANAND ,Winista,WinP,C2D2.53,160,1,,, ,1,,,Disposeff,,,14-Nov-19,,29300,2009,5,5000,5000,,,,,,1,,,,
48,IKM/HRD/2013/D-A28,HPDX480T,D,NISHA ,Winista,WinP,C2D2.93,160,2,,, ,1,,,Disposeff,,,14-Nov-19,,29300,2009,5,5000,5000,,,,,,1,,,,
49,IKM/HRD/2013/D-A29,LENOVOTHINKCENTRE21,D,DEEPAK,WinP,WinP,C2D2.93,320,2,,, ,1,,,Disposeff,,,27-Mar-19,,25000,2007,5,3000,3000,,,,,,1,,,,
50,IKM/HRD/2013/D-A35,HPX280T,D,RAGHAV,WinP,LINUX,,,,,,1,,,,Disposeff,,,24-Jun-22,,30000,2008,5,5000,5000,,,,,,1,,,,
51,IKM/HRD/2013/D-A37,IBMTHINKCENTRE ,D,DIGITALONT.OTE,WinP,WinP,,,,,, ,,,1,Disposeff,,,27-Mar-19,,25000,2007,5,3000,3000,,,,,,1,,,,
52,IKM/HRD/2013/D-A38,DELLPTIPLEX30,D,,Winista,WinP,,,,,,1,1,,,Disposeff,,,18-Jun-22,Disposeff,30000,2009,5,4000,4000,,,,,,1,,,,
53,IKM/HRD/2013/D-A42,ASSEMBLE,D,POWERDECK ,NO,WinP,,,,,, ,,,,Disposeff,,,27-Mar-19,,25000,2008,5,500,500,,,,,,1,,,,
54,IKM/HRD/2013/D-A46,HPX380T,D,NAVEEN ,WinP,WinP,C2D.4,150B,3B,,,1,1,,,Disposeff,,,14-Nov-19,,25000,2008,5,5000,5000,,,,,,1,,,,
55,IKM/HRD/2013/D-A48,IBM/T8776-A26,D,SHEET ,WinP,WinP,PD-2.8,80B,512B,2010,, ,,,,Disposeff,,,16-Feb-18,,25000,2007,5,3000,3000,,,,,,1,,,,
56,IKM/HRD/2013/D-A52,HPX080T ,D,RAJESH,WinP,WinP,C2D2.0,80B,1B,,, ,1,,,Disposeff,,,14-Nov-19,,30000,2007,5,5000,5000,,,,,,1,,,,
57,IKM/HRD/2013/D-A61,IBM/T8776-A26,D,DEEPAK,WinP,WinP,PD-2.8,80B,512B,,,1,1,,,Disposeff,,,14-Nov-19,,25000,2007,5,3000,3000,,,,,,1,,,,
58,IKM/HRD/2013/D-A64,IBM/T8776-A26,D,RECEPTION,WinP,WinP,PD-2.8,80B,1B,,,1,1,,,Disposeff,,,14-Nov-19,,25000,2007,5,3000,3000,,,,,,1,,,,
59,IKM/HRD/2013/D-A69,HPX380T,D,NAVNEET,WinP,WinP,C2D2.20,160B,2B,,, ,,,,Disposeff,,,14-Nov-19,,25000,2008,5,5000,5000,,,,,,1,,,,
60,IKM/HRD/2013/D-A73,HPX280T,D,INTERNET,WinP,WinP,C2D2.2,80B,1B,,, ,1,,,Disposeff,,,14-Nov-19,,30000,2008,5,5000,5000,,,,,,1,,,,
61,IKM/HRD/2013/D-A79,HPX280T,D,NAVEENINDAL,WinP,WinP,C2D2.2,160B,1B,,, ,1,,,Disposeff,,,14-Nov-19,,30000,2008,5,5000,5000,,,,,,1,,,,
62,IKM/HRD/2013/D-A80,HPOMPAQ700,D,NAVEENINDAL,WinP,WinP,C2D1.86,80B,512B,2010,, ,,,,Disposeff,,,14-Nov-19,,28000,2007,5,5000,5000,,,,,,1,,,,
63,IKM/HRD/2013/D-A81,HPDX480T,D,DEEPAKIWANI,Winista,WinP,C2D2.93,160B,3B,2010,, ,1,,,Disposeff,,,14-Nov-19,,29300,2009,5,5000,5000,,,,,,1,,,,
64,IKM/HRD/2013/D-A85,HPRO090T,D,DINESHHAGAT,Win7ro,WinP,C2D2.93,320B,2B,,, ,1,,,Disposeff,,,16-Feb-18,,29500,2011,5,5000,5000,,,,,,1,,,,
65,IKM/HRD/2013/D-A97,HPX280T,D,DINESHHARMA ,WinP,WinP,,,,,,1,1,,,Disposeff,,,14-Nov-19,,30000,2008,5,5000,5000,,,,,,1,,,,
66,IKM/HRD/2013/D-B01,HPX280T,D,,WinP,WinP,,,,,2010, ,1,,,Disposeff,,,14-Nov-19,,30000,2008,5,5000,5000,,,,,,1,,,,
67,IKM/HRD/2013/D-B10,HPRO090T,D,CMDORPORATE ,Win7ro,Win7ro,,,,,, ,,,,Disposeff,,,16-Feb-18,,29500,2011,5,5000,5000,,,,,,1,,,,
68,IKM/HRD/2013/D-B15,HPC700,D,ATTANDENCE ,WinP,WinP,PD3.4,,,,, ,,,,Disposeff,,,14-Nov-19,,28000,2007,5,5000,5000,,,,,,1,,,,
69,IKM/HRD/2013/D-B17,IBMENOVOA25,D,DIVASUMAR,WinP,WinP,,,,,,1,1,,,Disposeff,,,14-Nov-19,,25000,2009,5,2000,2000,,,,,,1,,,,
70,IKM/HRD/2013/D-B23,IBMENOVOB12,D,TEST_TRADING ,NO,Win7ro,,,,2010,, ,,,,Disposeff,,,27-Mar-19,,25000,2008,5,2000,2000,,,,,,1,,,,
71,IKM/HRD/2013/D-B30,IBMTM6423J ,D,SHEET,NO,WinP,C2D2.66,250B,3B,2010,, ,,,,Disposeff,,,14-Nov-19,,25000,2009,5,2000,2000,,,,,,1,,,,
72,IKM/HRD/2013/D-B32,IBM32625,D,RAJESHHAUHAN,WinP,Win7ro,P-4.00,80B,2B,,,1,1,,,Disposeff,,,14-Nov-19,,25000,2008,5,2000,2000,,,,,,1,,,,
73,IKM/HRD/2013/D-B39,IBM9439MQ,D,,WinP,WinP,C2D00,40B,2B,2010,, ,,,,Disposeff,,,27-Mar-19,,25000,2008,5,2000,2000,,,,,,1,,,,
74,IKM/HRD/2013/D-B45,IBM963714,D,SHEET,NO,WinP,C2D.20,40B,1B,,,1,,,,Disposeff,,,14-Nov-19,,25000,2008,5,2000,2000,,,,,,1,,,,
75,IKM/HRD/2013/D-B47,HPX480T,D,NISHAONGA ,Winista ,WinP,C2D.53,150B,2B,2010,,1,,,,Disposeff,,,16-Feb-18,,29300,2009,5,5000,5000,,,,,,1,,,,
76,IKM/HRD/2013/D-B49,HPDX480T,D,,Winista ,WinP,C2D.80,320B,2B,2010,, ,,,,Disposeff,,,16-Feb-18,dead ,29300,2009,5,5000,5000,,,,,,1,,,,
77,IKM/HRD/2013/D-B51,HPRO090T,D,SAURABH,Win7ro,WinP,C2D2.93,,,2010,,1,,,,Disposeff,,,16-Feb-18,,29500,2011,5,5000,5000,,,,,,1,,,,
78,IKM/HRD/2013/D-B53,HPRO090T,D,AMIT,Win7ro,Win7ro,C2D2.93,,,,, ,,,,Disposeff,,,24-Jun-22,,29500,2011,5,5000,5000,,,,,,1,,,,
79,IKM/HRD/2013/D-B54,HPRO090T,D,ANYDESK,Win7ro,WinP,C2D2.93,,,,, ,,,,Disposeff,,,14-Sep-22,,29500,2011,5,5000,5000,,,,,,1,,,,
80,IKM/HRD/2013/D-B59,HPDX480T,D,ASHUTOSHI ,Winista,WinP,,,,,2010, ,,,,Disposeff,,,14-Nov-19,"Ok,hangeorad ",29300,2009,5,5000,5000,,,,,1,,,,
81,IKM/HRD/2013/D-B63,HPX080T ,D,NAVNEET ,WinP,WinP,,,,,, ,,,,Disposeff,,,16-Feb-18,,30000,2007,5,5000,5000,,,,,,1,,,,
82,IKM/HRD/2013/D-B66,IBMHINKCENTRE-13,D,,NO,WinP,,,,,, ,,,,Disposeff,,,27-Mar-19,,25000,2008,5,2000,2000,,,,,,1,,,,
83,IKM/HRD/2013/D-B69,HPRO090T,D,COLOEMOTE,Win7ro,Win7ro,c2d2.93,320,2,,, ,1,,,Disposeff,,,16-Feb-18,,29500,2011,5,5000,5000,,,,,,1,,,,
84,IKM/HRD/2013/D-B71,HPX280T,D,C2N,WinP,WinP,PD3.0 ,80,1,,, ,,,,Disposeff,,,14-Nov-19,,30000,2008,5,5000,5000,,,,,,1,,,,
85,IKM/HRD/2013/D-B73,HPX280T,D,VIKKY ,WinP,WinP,C2D2.2,160,1,,,1,1,,,Disposeff,,,14-Nov-19,,30000,2008,5,5000,5000,,,,,,1,,,,
86,IKM/HRD/2013/D-B85,IBMENOVO25,D,,WinP,WinP,,,,2010,, ,,,,Disposeff,,,27-Mar-19,,25000,2008,5,2000,2000,,,,,,1,,,,
87,IKM/HRD/2013/D-B89,IBMENOVO5,D,,NO,WinP,C2D2.0,160,2,2010,2010, ,,,,Disposeff,,,27-Mar-19,,25000,2008,5,2000,2000,,,,,,1,,,,
88,IKM/HRD/2013/S-A02,COMTELNFO,S,QUANTAX10.10.2.14),NO,LINUX,,,,,, ,,,,Disposeff,,,20-Jun-22,,300000,2013,5,5000,5000,,,,,,1,,,,
89,IKM/HRD/2013/S-A25,BLADELDHESIS,S,,,,,,,,, ,,,,Disposeff,,,24-Jun-22,,400000,2010,5,15000,15000,,,,,,1,,,,
90,IKM/HRD/2013/S-A30,IBM3400ERVER,S,AD200.200.200.56),NO,LINUX,Xeon.00Hz,250,4,,, ,,,,Disposeff,,,14-Nov-19,,74880,2006,5,8000,8000,,,,,,1,,,,
91,IKM/HRD/2013/S-A31,IBM3650ERVER,S,NEST2XCEL200.200.200.155),NO,LINUX,,,,,, ,,,,Disposeff,,,14-Nov-19,,160000,0,0,0,0,,,,,,1,,,,
92,IKM/HRD/2013/S-A33,IBM650ERVER,S,OMNEETILITYDEAD),NO,LINUX,,,,,, ,,,,Disposeff,,,14-Nov-19,Dead ,0,0,0,0,0,,,,,,1,,,,
93,IKM/HRD/2013/D-B95,HPX280T,D,,NO,WinP,,,,,, ,,,,Disposeff,,,14-Nov-19,,30000,2008,5,5000,5000,,,,,,1,,,,
94,IKM/HRD/2013/D-B97,HPDX480T,D,AYUSHI,Winista ,Win10,,,,2010,, ,,,,Disposeff,,,14-Nov-19,Motheroadhange ,29300,2009,5,5000,5000,,,,,,1,,,,
95,IKM/HRD/2013/D-C00,HPC700,D,RAJESH,WinP,WinP,,,,,,,,,,Disposeff,,,14-Nov-19,,28000,2007,5,5000,5000,,,,,,1,,,,
96,IKM/HRD/2013/D-C01,HPX280,D,AMITYAGI,WinP,WinP,,,,,,,,,,Disposeff,,,14-Nov-19,"ok,hangeoard ",30000,2008,5,5000,5000,,,,,1,,,,
97,IKM/HRD/2013/D-C04,HPX380,D,SARITA ,WinP,WinP,,,,,,1,,,,Disposeff,,,14-Nov-19,,25000,2008,5,5000,5000,,,,,,1,,,,
98,IKM/HRD/2013/D-C06,DELLPTIX20,D,JAGDEEP,Winista,WinP,,,,,,,,,,Disposeff,,,16-Feb-18,,29000,2008,5,5000,5000,,,,,,1,,,,
99,IKM/HRD/2014/S-A39,BLADELDHESIS ,S,,,,,,,,,,,,,Disposeff,,,24-Jun-22,,400000,2010,5,15000,15000,,,,,,1,,,,
100,IKM/HRD/2013/S-A43,IBM650ERVER,S,AAR,NO,,,,,,,,,,,Disposeff,,,27-Mar-19,,0,0,0,0,0,,,,,,1,,,,
101,IKM/HRD/2013/S-A44,IBM650ERVER,S,AAR,NO,,,,,,,,,,,Disposeff,,,27-Mar-19,,0,0,0,0,0,,,,,,1,,,,
102,IKM/HRD/2015/S-A43,4790K,S,,NO,LINUX,4HZ,SSD20,16B,,,,,,,Disposeff,,22.07.2018,24-Jun-22,Ok.nhouse ,250000,2015,5,10000,10000,,,,,,1,,,,
103,IKM/HRD/2015/S-A44,4790K,S,,NO,LINUX,4HZ,SSD20,16B,,,,,,,Disposeff,,21.07.2018,24-Jun-22,OK.nouse ,250000,2015,5,10000,10000,,,,,,1,,,,
104,IKM/HRD/2015/S-A45,4790K,S,FREE0.10.2.15 ,NO,LINUX,4HZ,SSD20,16B,,,,,,,Disposeff,,22.07.2018,20-Jun-22,OKnouse ,250000,2015,5,10000,10000,,,,,,1,,,,
105,IKM/HRD/2015/S-A46,4790K,S,ATP0.10.2.13,NO,Winerver008NT.,4HZ,SSD20,16B,,,,,,,Disposeff,,22.07.2018,20-Jun-22,OK.Nouse ,250000,2015,5,10000,10000,,,,,,1,,,,
106,IKM/HRD/2015/D-C10,HP022T,D,DHEERAJI ,WIN8,Win7ro,DC,500,2,,,,,,,Disposeff,,14.06.2018,24-Jun-22,ok,31000,2015,5,5000,5000,,,,,,1,,,,
107,IKM/HRD/2015/S-A47,4790K,S,ZMR0.10.2.25),No,LINUX,4HZ,SSD20,16B,,,,,,,Disposeff,,25.08.2018,20-Jun-22,"soc, ",250000,2015,5,10000,10000,,,,,1,,,,
108,IKM/HRD/2015/S-A51,6700K,S,FREE(10.10.2.51),No,LINUX,4HZ,SSD20,16B,,,,,,,Disposeff,,05.09.2018,20-Jun-22,,250000,2015,5,10000,10000,,,,,,1,,,,
109,IKM/HRD/2016/S-A54,6700K,S,ZMR10.10.2.154,NO,Winerver008NT.,4HZ,SSD20,16B,,,,,,,Disposeff,,01.01.2018,20-Jun-22,Z170ocorce ,250000,2015,5,10000,10000,,,,,,1,,,,
110,IKM/HRD/2016/S-A56,5960X,S,QUANTAX10.10.2.4),NO ,LINUX,3Hz,SSD28ro ,32B,,,,1,,,Disposeff,Wattanty,05.05.2019,20-Jun-22,,0,0,0,0,0,,,,,,1,,,,
111,IKM/HRD/2016/S-A57,5960X,S,QTX10.10.2.32),NO ,LINUX,3Hz,SSD28ro ,32B,,,,1,,,Disposeff,Wattanty,15.05.2019,20-Jun-22,,0,0,0,0,0,,,,,,1,,,,
112,IKM/HRD/2016/S-A58,5960X,S,ZMR10.10.2.31),NO ,LINUX,3Hz,SSD28ro ,32B,,,,,,,Disposeff,Wattanty,,20-Jun-22,,0,0,0,0,0,,,,,,1,,,,
113,IKM/HRD/2016/S-A59,6700K,S,QTX10.10.2.30),NO ,LINUX,4HZ,SSD20,32B,,,,,,,Disposeff,Wattanty,,20-Jun-22,,250000,2015,5,10000,10000,,,,,,1,,,,
114,IKM/HRD/2016/S-A61,6950X,S,QUANTX(0.10.2.28,NO ,LINUX,3HZ,250B,32B,,,,,,,Disposeff,Wattanty,15-10-2016,20-Jun-22,,0,0,0,0,0,,,,,,1,,,,
115,IKM/HRD/2017/S-A63,6950X,S,ZMR10.10.2.19),NO,LINUX,3HZ,250B,32B,,,,,,,Disposeff,Wattanty,22.03.2020,20-Jun-22,,0,0,0,0,0,,,,,,1,,,,
116,IKM/HRD/2017/S-A64,6950X,S,QUANTAX0.10.2.1),NO,LINUX,3HZ,250B,32B,,,,,,,Disposeff,Wattanty,22.03.2020,20-Jun-22,,0,2017,5,10000,10000,,,,,,1,,,,
117,IKM/HRD/2017/D-A10,HP802-I5T,D,NAVEENINDAL,WIN10,Win10,I5,1TB,4B,2010,,,,,,DRHOME),Wattanty,19.08.2020,10-Oct-22,,47250,DRept.,Wattanty,19.08.2020,,,,,,,1,,,,
118,IKM/HRD/2017/D-A14,DELL050T,D,AKHILARG,WIN10,Win10,I7-7700,1TB,8B,2010,2017,,,,,Disposeff,Wattanty,25.07.2020,24-Jun-22,,87910,2017,5,5000,5000,,,,,,1,,,,
119,IKM/HRD/2018/D-A15,HPRO090T,D,ASHUTOSH,Win7ro,WinP,C2D2.9,320,2,2010,, ,1,,,Disposeff,,10.11.13,16-Feb-18,,,,,,0,,,,,,1,,,,
120,IKM/HRD/2018/S-C97,I9-7920X,S,QUANTX0.10.2.3,,LINUX,I9-7920X,250B,32B,,,,,,,Disposeff,Wattanty,15.02.2021,20-Jun-22,,,,,,0,,,,,,1,,,,
121,IKM/HRD/2018/S-C98,I9-7920X,S,QUANTAX10.10.2.11),,LINUX,I9-7920X,250B,32B,,,,,,,Disposeff,Wattanty,20.05.2021,20-Jun-22,,,,,,0,,,,,,1,,,,
122,IKM/HRD/2018/S-C99,I9-7920X,S,QTX10.10.2.16),,LINUX,I9-7920X,250B,32B,,,,,,,Disposeff,Wattanty,20.07.2021,20-Jun-22,,,,,,0,,,,,,1,,,,
123,IKM/HRD/2018/S-D00,I9-7920X,S,QUANTAX10.10.2.21)ENTAL,,LINUX,I9-7920X,250B,32B,,,,,,,Disposeff,Wattanty,20.07.2021,20-Jun-22,,,,,,0,,,,,,1,,,,
124,IKM/HRD/2018/S-D01,I9-7920X,S,QUANTX0.10.2.24,,LINUX,I9-7920X,250B,32B,,,,,,,Disposeff,Wattanty,20.07.2021,20-Jun-22,,,,,,0,,,,,,1,,,,
125,IKM/HRD/2018/S-D02,I9-7920X,S,QUANTX0.10.2.34,,LINUX,I9-7920X,250B,64B,,,,,,,Disposeff,Wattanty,03.10.2021,03-Oct-18,,,,,,0,,,,,,1,,,,
126,IKM/HRD/2018/S-D03,I9-7920X,S,ATP10.10.2.17),,LINUX,I9-7920X,250B,64B,,,,,,,Disposeff,Wattanty,03.10.2021,03-Oct-18,,,,,,0,,,,,,1,,,,
127,IKM/HRD/2019/D-A16,ASSAMBLE,D,HIMANSHU,NO ,Win7ro,I7-3930K,120,16,2010,,,,,,Disposeff,,,24-Jun-22,,,,,,0,,,,,,1,,,,
128,IKM/HRD/2019/D-A18,HP802FF,D,LINUXRMS,WIN10,WIN10,I5-6500,500GB,4,,,,,,,Disposeff,,,24-Jun-22,,,,,,0,,,,,,1,,,,
129,IKM/HRD/2019/D-A31,HP802FF,D,INTENDER,WIN10,WIN10,I5-6500,,4,,,,,,,Disposeff,,,24-Jun-22,,,,,,0,,,,,,1,,,,
130,IKM/HRD/2019/D-A32,HP803T,D,ORMS,WIN10,WIN10,I5-7500,,4,,,,,,,Disposeff,,,24-Jun-22,,,,,,0,,,,,,1,,,,
131,IKM/HRD/2019/D-A33,HP06T,D,DEEPAKUPTA,WIN10,WIN10,I5-6500,,4,,,,,,,Disposeff,,,24-Jun-22,,,,,,0,,,,,,1,,,,
132,IKM/HRD/2019/D-A34,HP802FF,D,SHANTI,WIN10,WIN10,I5-6500,,4,,,,,,,Disposeff,,,24-Jun-22,,,,,,0,,,,,,1,,,,
133,IKM/HRD/2019/D-A35,HPROESK004T,D,BHARATINGH,WIN10,WIN10,I5-7500,,4,,,,,,,Disposeff,,,24-Jun-22,,,,,,0,,,,,,1,,,,
134,IKM/HRD/2019/D-A36,HPESKTOPRO1T,D,RAJESHHAUHAN ,WIN10,WIN10,I5-8500,,4,,,,,,,Disposeff,,,24-Jun-22,,,,,,0,,,,,,1,,,,
135,IKM/HRD/2019/D-A41,HP803T,D,BIPIN,WIN10,WIN10,,,,2010,2010,,,,,Disposeff,,,24-Jun-22,,,,,,0,,,,,,1,,,,
136,IKM/HRD/2019/D-A42,ASSAMBLE,D,BRAJESH,NO ,LINUX,I7-3930K,,,,,,,,,Disposeff,,,24-Jun-22,,,,,,0,,,,,,1,,,,
137,IKM/HRD/2019/D-A47,ASSAMBLE,D,DEEPAKGGARWAL,NO ,Win7ro,I7-3930K,,32,2010,,,,,,Disposeff,,,24-Jun-22,,,,,,0,,,,,,1,,,,
138,IKM/HRD/2019/S-D04,I9-7920X,S,ATP10.10.2.18),NO,LINUX,I9-7920X,120,64,,,,,,,Disposeff,,,26-Mar-19,,,,,,0,,,,,,1,,,,
139,IKM/HRD/2019/S-D05,I9-7920X,S,ATP10.10.2.23),NO,LINUX,I9-7920X,120,64,,,,,,,Disposeff,,,26-Mar-19,,,,,,0,,,,,,1,,,,
140,IKM/HRD/2019/S-D06,I9-7920X,S,ATP10.10.2.52),NO,LINUX,I9-7920X,120,64,,,,,,,Disposeff,,,26-Mar-19,,,,,,0,,,,,,1,,,,
141,IKM/HRD/2019/S-D07,I9-7960X,S,QTX10.10.2.22)ENTAL,,LINUX,I9-7960X,120,32,,,,,,,Disposeff,,,26-Mar-19,,,,,,0,,,,,,1,,,,
142,IKM/HRD/2019/S-D09,I9-9960X,S,,NO ,LINUX_7.4,I9-9960X,SSD40B,64B,,,,,,,Disposeff,Wattanty,10.10.2022,20-Jun-22,WITHPTANEEMORY,,,,,0,,,,,,1,,,,
143,IKM/HRD/2019/S-D10,I9-9960X,S,,NO ,LINUX_7.4,I9-9960X,SSD40B,64B,,,,,,,Disposeff,Wattanty,10.10.2022,20-Jun-22,WITHPTANEEMORY,,,,,0,,,,,,1,,,,
144,IKM/HRD/2020/D-A58,HP804T,D,ABHISHEKHAUDHARY,WIN10,WIN10,I5-8500,1TB,8,,,,,,,Disposeff,yes,25.12.2022,24-Jun-22,,,,,,0,,,,,,1,,,,
145,IKM/HRD/2013/D-A01,HPRO090T,D,VICKYOEL,Win7ro,Win7ro,C2D2.9,320,2,2010,, ,1,,,DRHOME),,10.11.13,21-Jun-22,,29500,2011,5,5000,5000,,,,,,1,,,,
146,IKM/HRD/2013/D-A05,HPDX480T,D,NISHANTUPTA,Winista,Win7ro,C2D2.8,160,3,,, ,1,,,DRHOME),,,20-Jun-22,,29300,2009,5,5000,5000,,,,,,1,,,,
147,IKM/HRD/2013/D-A06,HPDX480T,D,ACHINUMAR,Winista,Win7ro,C2D2.8,320,3,,, ,1,,,DRHOME),,,21-Jun-22,,29300,2009,5,5000,5000,,,,,,1,,,,
148,IKM/HRD/2013/D-A11,HPDX480T,D,DEBRATHISHRA,Winista,Win7ro,C2Q2.83,160,3,,, ,1,,,DRHOME),,,20-Jun-22,,29300,2009,5,5000,5000,,,,,,1,,,,
149,IKM/HRD/2013/D-A13,HPDX480T,D,KRISHANINGH,Winista,Win7ro,C2D2.8,160,4,,, ,1,,,DRHOME),,,21-Jun-22,,29300,2009,5,5000,5000,,,,,,1,,,,
150,IKM/HRD/2013/D-A45,HPDX480T,D,DEEPAKUMAR,Winista,Win7ro,C2D.8,320B,3B,,, ,1,,,DRHOME),,,20-Jun-22,,29300,2009,5,5000,5000,,,,,,1,,,,
151,IKM/HRD/2013/D-A49,DELLPTILEX60,D,ASHOKUMAR,Winista,Win7ro,C2Q2.8,320B,4B,,,1,1,,,DRHOME),,,21-Jun-22,,63666,2009,5,5000,5000,,,,,,1,,,,
152,IKM/HRD/2013/D-A68,OPTILX20,D,ROHITHATI,Winista,Win7ro,C2D2.0,80B,1B,,, ,1,,,DRHOME),,,05-Sep-22,,28000,2008,5,2000,2000,,,,,,1,,,,
153,IKM/HRD/2013/D-A70,HPRO090T,D,SHUBHAM,Win7ro,Win7ro,C2D2.93,320B,2B,,,1,1,,,DRHOME),,,21-Jun-22,,29500,2011,5,5000,5000,,,,,,1,,,,
154,IKM/HRD/2013/D-A76,HPDX480T,D,SATYAVEERINGH,Winista,Win7ro,C2D2.8,320B,2B,,, ,1,,,DRHOME),,,21-Jun-22,,29300,2009,5,5000,5000,,,,,,1,,,,
155,IKM/HRD/2013/D-A83,HPDX480T,D,NAVEENINDAL,Winista,Win7ro,C2D2.6,160B,1B,,, ,1,,,DRHOME),,,20-Jun-22,,29300,2009,5,5000,5000,,,,,,1,,,,
156,IKM/HRD/2013/D-A89,HPRO090T,D,ABHISHEKHAUDHARY,Win7ro,Win7ro,,,,,, ,1,,,DRHOME),,,20-Jun-22,,29500,2011,5,5000,5000,,,,,,1,,,,
157,IKM/HRD/2013/D-B38,DELL30,D,AMITYAGI,NO,Win7ro,C2D.93,250B,2B,,,1,1,,,DRHOME),,,05-Sep-22,,65000,2010,5,9000,9000,,,,,,1,,,,
158,IKM/HRD/2013/D-B43,HPX080T ,D,DURGARASAD,WinP,Win7ro,C2D.20,160B,3B,,,1,,,,DRHOME),,,20-Jun-22,,30000,2007,5,5000,5000,,,,,,1,,,,
159,IKM/HRD/2013/D-B44,HPRO090T,D,DINESHUMARUPTA,Win7ro,Win7ro,C2D2.93,320B,1B,,,1,,,,DRHOME),,,21-Jun-22,,29500,2011,5,5000,5000,,,,,,1,,,,
160,IKM/HRD/2013/D-B52,HPRO090T,D,BITTUPON,Win7ro,Win7ro,C2D2.93,,,,,1,,,,DRHOME),,,20-Jun-22,Motherboardhange ,29500,2011,5,5000,5000,,,,,,1,,,,
161,IKM/HRD/2013/D-B60,HPDX480T,D,ABHISHEKINGLE,Winista,Win7ro,,,,,, ,1,,,DRHOME),,,05-Sep-22,,29300,2009,5,5000,5000,,,,,,1,,,,
162,IKM/HRD/2013/D-B62,HPDX480T,D,SUMIT ,Winista,Win7ro,,,,,,1,1,,,DRHOME),,,20-Jun-22,,29300,2009,5,5000,5000,,,,,,1,,,,
163,IKM/HRD/2013/D-C07,HPX280,D,AMITUPTA,WinP,Win7ro,,,,,,,,,,DRHOME),,,05-Sep-22,,30000,2008,5,5000,5000,,,,,,1,,,,
164,IKM/HRD/2017/D-A09,HP802-I5FF,D,KAPILHA,WIN10,Win10,I5,1TB,4B,,,,,,,DRHOME),Wattanty,19.08.2020,20-Jun-22,,47250,DRept.,Wattanty,19.08.2020,,,,,,,1,,,,
165,IKM/HRD/2017/D-A11,HP802-I5T,D,MANISH,WIN10,Win10,I5,1TB,4B,,,,,,,DRHOME),Wattanty,19.08.2020,20-Jun-22,,47250,DRept.,Wattanty,19.08.2020,,,,,,,1,,,,
166,IKM/HRD/2017/D-A12,HP802-MT,D,DINESHIR,WIN10,Win10,I5,500GB,4B,,,,,,,DRHOME),Wattanty,18.08.2020,24-Jun-22,,48000,DRept.,Wattanty,18.08.2020,,,,,,,1,,,,
167,IKM/HRD/2019/D-A20,HP80G3T,D,DINESHIR,WIN10,WIN10,I5-7500,1TB,4,2010,,,,,,DRHOME),,,24-Jun-22,,,,,,0,,,,,,1,,,,
168,IKM/HRD/2019/D-A27,ASSAMBLE,D,,NO ,Win7ro,I7-4790X,1TB,4,2010,,,,,,Disposeff,,,10-Oct-22,,,,,,0,,,,,,1,,,,
169,IKM/HRD/2022/D-B05,HP804T,D,SUNNYHUG,WIN10,WIN10,I5-8500,,8B,,,,,,,DRHOME),,,21-Jun-22,,,,,,0,,,,,,1,,,,
170,IKM/HRD/2022/D-B18,HPLITEDESK005WR,D,ROCHAKIDHA,WIN10,WIN10,I5-8500,,8B,,,,,,,DRHOME),,,05-Jul-22,,,,,,0,,,,,,1,,,,
171,IKM/HRD/2013/D-A63,HPRO090T,D,,Win7ro,WinP,C2D2.93,320B,2B,,,1,1,,,GHANDIAGAR,,,04-Jul-17,Thisystemhiftedohandiagar,29500,2011,5,5000,5000,,,,,,1,,,,
172,IKM/HRD/2016/D-C19,HP061,D,LINUXRMS,NO,WIN8,I7,500,4B,,,,,,,GHANDIAGAR,Wattanty,,27-Mar-19,,50715,2016,5,7000,7000,,,,,,1,,,,
173,IKM/HRD/2017/D-A01,HP802,D,,WIN10,Win10,I3,500B,4B,,,,,,,GHANDIAGAR,Wattanty,05.06.2020,24-Oct-17,,40425,Ghandhiagar,Wattanty,05.06.2020,,,,,,,1,,,,
174,IKM/HRD/2017/D-A02,HP802,D,,WIN10,Win10,I3,500B,4B,,,,,,,GHANDIAGAR,Wattanty,05.06.2020,24-Oct-17,,40425,Ghandhiagar,Wattanty,05.06.2020,,,,,,,1,,,,
175,IKM/HRD/2017/D-A03,HP802,D,,WIN10,Win10,I3,500B,4B,,,,,,,GHANDIAGAR,Wattanty,28.07.2020,24-Oct-17,,39452,Ghandhiagar,Wattanty,5000,,,,,,,1,,,,
176,IKM/HRD/2017/D-A04,HP802,D,,WIN10,Win10,I3,500B,4B,,,,,,,GHANDIAGAR,Wattanty,28.07.2020,24-Oct-17,,39452,Ghandhiagar,Wattanty,5000,,,,,,,1,,,,
177,IKM/HRD/2017/D-A05,HP802,D,,WIN10,Win10,I3,500B,4B,,,,,,,GHANDIAGAR,Wattanty,28.07.2020,24-Oct-17,,39452,Ghandhiagar,Wattanty,5000,,,,,,,1,,,,
178,IKM/HRD/2017/D-A06,HP802,D,,WIN10,Win10,I3,500B,4B,,,,,,,GHANDIAGAR,Wattanty,28.07.2020,24-Oct-17,,39452,Ghandhiagar,Wattanty,5000,,,,,,,1,,,,
179,IKM/HRD/2017/D-A07,HP802,D,,WIN10,Win10,I3,500B,4B,,,,,,,GHANDIAGAR,Wattanty,28.07.2020,24-Oct-17,,39452,Ghandhiagar,Wattanty,5000,,,,,,,1,,,,
180,IKM/HRD/2017/D-A08,HP802,D,,WIN10,Win10,I3,500B,4B,,,,,,,GHANDIAGAR,Wattanty,28.07.2020,24-Oct-17,,39452,Ghandhiagar,Wattanty,5000,,,,,,,1,,,,
181,IKM/HRD/2013/D-B84,HCLNFINITE,D,C2N,NO,Win7ro,CORE7,2.5B,3,,, ,,,,GURGAONIT),,,14-Sep-22,,25000,2007,5,2000,2000,,,,,,1,,,,
182,IKM/HRD/2016/S-C22,DELLPTILEX020,S,ORMS,WIN8,WIN8,I7 ,500B,8B,2010,,,,,,GURGAONIT),Wattanty,,20-Sep-22,,0,0,0,0,0,,,,,,1,,,,
183,IKM/HRD/2013/D-B56,IBM439MQ,D,ASHUTOSHTESTING),NO,WinP,C2D2.20,160B,2B,,, ,,,,GURGAONIT),,,16-Sep-22,,25000,2008,5,2000,2000,,,,,,1,,,,
184,IKM/HRD/2013/D-B09,DELLASTRO60A,D,ASHUTOSH ,Win7ro,Win7ro,I7-2600-3.40,500B,4B,2010,, ,1,,,GURGAONIT),,,16-Sep-22,,45000,2011,5,7000,7000,,,,,,1,,,,
185,IKM/HRD/2013/D-B79,HPDX480T,D,RAHULEHRA,Winista,Win10,C2D2.93,160B,4B,,, ,,,,GURGAONIT),,,16-Sep-22,,29300,2009,5,5000,5000,,,,,,1,,,,
186,IKM/HRD/2019/D-A51,HPESKTOPROCIT,D,TESTARKET,WIN10,WIN10,I5-7500,,,2010,,,,,,GURGAONIT),,,20-Sep-22,,,,,,0,,,,,,1,,,,
187,IKM/HRD/2013/D-A53,HPRO090T,D,TESTARKET,Win7ro,Win7ro,C2D2.93,320B,2B,,, ,1,,,GURGAONOTHERS),,,16-Sep-22,,29500,2011,5,5000,5000,,,,,,1,,,,
188,IKM/HRD/2013/D-A65,HPDX480T,D,BISHAN,NO,Win7ro,C2D2.53,160B,1B,,2010, ,1,,,GURGAONOTHERS),,,14-Sep-22,,29300,2009,5,5000,5000,,,,,,1,,,,
189,IKM/HRD/2013/D-A87,DELLPTILEX20,D,RECEPTION,Winista,Win10,C2D2.0,80B,2B,,, ,,,,GURGAONOTHERS),,,14-Sep-22,,29000,2008,5,5000,5000,,,,,,1,,,,
190,IKM/HRD/2013/D-A99,HPRO090T,D,RAHULALIK ,Win7ro,Win7ro,C2D2.93,1TB,2B,,, ,,,,GURGAONOTHERS),,,14-Sep-22,,29500,2011,5,5000,5000,,,,,,1,,,,
191,IKM/HRD/2013/D-B21,HPC700,D,GUNJAN,WinP,LINUX,C2D1.86,80B,2B,,, ,,,,GURGAONOTHERS),,,14-Sep-22,,28000,2007,5,5000,5000,,,,,,1,,,,
192,IKM/HRD/2013/D-B22,IBMENOVOAJ9,D,,NO,WinP,160B,2B,,,2010, ,,,,GURGAONOTHERS),,,14-Sep-22,,25000,2009,5,2000,2000,,,,,,1,,,,
193,IKM/HRD/2013/D-C05,HPX080,D,CEMRAJEET),WinP,WinP,C2D2.0,80B,1B,,,,,,,GURGAONOTHERS),,,14-Sep-22,,30000,2007,5,5000,5000,,,,,,1,,,,
194,IKM/HRD/2013/D-C08,HPX080,D,TEJRAKASH,WinP,WinP,C2D2.20,80B,2B,,,1,,,,GURGAONOTHERS),,,14-Sep-22,,30000,2007,5,5000,5000,,,,,,1,,,,
195,IKM/HRD/2013/D-A22,HPDX480T,D,,Winista,LINUX,C2D2.8,160,4,,, ,1,,,GURGAONOTHERS),,,16-Sep-22,,29300,2009,5,5000,5000,,,,,,1,,,,
196,IKM/HRD/2013/D-A34,DELLASTRO30,D,AYUSHI,NO,Win7ro,,,,2007,, ,,,,GURGAONOTHERS),,,16-Sep-22,,30000,2009,5,5000,5000,,,,,,1,,,,
197,IKM/HRD/2013/D-A36,HPRO090T,D,RAJESH,Win7ro,Win7ro,C2D2.93,320B,1B,2010,,1,,,,GURGAONOTHERS),,,16-Sep-22,,29500,2011,5,5000,5000,,,,,,1,,,,
198,IKM/HRD/2022/D-B00,ASSEMBLE,D,,,,,,,,,,,,,GURGAONOTHERS),,,16-Sep-22,,,,,,0,,,,,,1,,,,
199,IKM/HRD/2022/D-B01,ASSEMBLE,D,,,,,,,,,,,,,GURGAONOTHERS),,,16-Sep-22,,,,,,0,,,,,,1,,,,
200,IKM/HRD/2013/D-A59,HPX080T ,D,AYUSHI,WinP,WinP,C2D2.0,80B,2B,2007,, ,,,,GURGAONOTHERS),,,16-Sep-22,,30000,2007,5,5000,5000,,,,,,1,,,,
201,IKM/HRD/2013/D-A12,DELLPTILEX60,D,ANYDESK,Winista,Win7ro,C2D2.93,320,3,2010,, ,1,,,GURGAONTRADING),,,16-Sep-22,,63666,2009,5,5000,5000,,,,,,1,,,,
202,IKM/HRD/2019/D-A29,HP06T,D,BALWANT,WIN10,WIN10,I5-6500,500B,4,,,,,,,GURGAONTRADING),,,16-Sep-22,,,,,,0,,,,,,1,,,,
203,IKM/HRD/2013/D-A07,HPDX480T,D,DINESHHARMA,Winista,WinP,C2D2.9,320,3,,, ,1,,,GURGAONTRADING),,,16-Sep-22,,29300,2009,5,5000,5000,,,,,,1,,,,
204,IKM/HRD/2013/D-A74,DELLPTILEX60,D,ANYDESK,Win7ro,Win7ro,C2Q2.6,500B,4B,2010,2017,1,,,,GURGAONTRADING),,,16-Sep-22,,63666,2009,5,5000,5000,,,,,,1,,,,
205,IKM/HRD/2013/D-A10,HPDX480T,D,ABHISHEKAXENA ,Winista,WinP,C2D2.93,160,2,,,1,1,,,GURGAONTRADING),,,16-Sep-22,,29300,2009,5,5000,5000,,,,,,1,,,,
206,IKM/HRD/2013/D-A21,DELLPTILEX60,D,DEEPAKUPTA,Winista,Win7ro,C2Q2.83,320,3,2010,, ,1,,,GURGAONTRADING),,,16-Sep-22,,63666,2009,5,5000,5000,,,,,,1,,,,
207,IKM/HRD/2013/D-A30,HPDX480T,D,DEVDAS,Winista,WinP,C2D2.53,160,4,,, ,1,,,GURGAONTRADING),,,16-Sep-22,,29300,2009,5,5000,5000,,,,,,1,,,,
208,IKM/HRD/2013/D-A33,HPDX480T,D,ANYDESK,Winista,WinP,,,,2010,,1,,,,GURGAONTRADING),,,16-Sep-22,,29300,2009,5,5000,5000,,,,,,1,,,,
209,IKM/HRD/2013/D-A55,HPX280T,D,ANYDESK,WinP,WinP,C2D2.20,160B,2B,,,1,,,,GURGAONTRADING),,,16-Sep-22,,30000,2008,5,5000,5000,,,,,,1,,,,
210,IKM/HRD/2013/D-A91,HPX380T,D,DEELIP,WinP,WinP,C2D.20,160B,1B,2010,, ,1,,,GURGAONTRADING),,,16-Sep-22,,25000,2008,5,5000,5000,,,,,,1,,,,
211,IKM/HRD/2013/D-A98,HPDX480T,D,ANYDESK,Winista,WinP,C2D2.80,320B,2B,,, ,,,,GURGAONTRADING),,,16-Sep-22,,29300,2009,5,5000,5000,,,,,,1,,,,
212,IKM/HRD/2013/D-B11,DELLPTILEX60,D,ANYDESK,Win7ro,Win7ro,C2Q2.66,160B,4B,2010,, ,,,,GURGAONTRADING),,,16-Sep-22,,63666,2009,5,5000,5000,,,,,,1,,,,
213,IKM/HRD/2013/D-B36,HPDX480T,D,ANYDESK,Winista ,WinP,C2D.80,320B,2B,,,1,1,,,GURGAONTRADING),,,16-Sep-22,,29300,2009,5,5000,5000,,,,,,1,,,,
214,IKM/HRD/2013/D-B81,HPDX080T,D,RAHULIWARI,WinP,WinP,2D2.20,160B,1B,,, ,,,,GURGAONTRADING),,,16-Sep-22,,30000,2007,5,5000,5000,,,,,,1,,,,
215,IKM/HRD/2013/D-B68,HPX080T ,D,NEERAJHANDARI,WinP,WinP,c2d2.20,160,2,,, ,,,,GURGAONTRADING),,,16-Sep-22,,30000,2007,5,5000,5000,,,,,,1,,,,
216,IKM/HRD/2015/D-C09,HP022T,D,SHANTIANTH,WIN8,WIN8,DC,500,2,,,,,,,GURGAONTRADING),,16.07.2018,16-Sep-22,ok,31000,2015,5,5000,5000,,,,,,1,,,,
217,IKM/HRD/2015/D-C11,HP022T,D,REETAHARMA,WIN8,WIN8,PENTIUM-G3250,500B,4B,,,,,,,GURGAONTRADING),,14.06.2018,16-Sep-22,ok,31000,2015,5,5000,5000,,,,,,1,,,,
218,IKM/HRD/2015/D-C13,HP022T,D,SAURABHAWAT,WIN8,WIN8,PENTIUM-G3250,500B,2B,,,,,,,GURGAONTRADING),,14.06.2018,16-Sep-22,ok,31000,2015,5,5000,5000,,,,,,1,,,,
219,IKM/HRD/2015/D-C15,HP022T,D,HARIOM,WIN8,WIN8,DC,,,,,,,,,GURGAONTRADING),,14.06.2018,16-Sep-22,ok,31000,2015,5,5000,5000,,,,,,1,,,,
220,IKM/HRD/2019/D-A30,HP06T,D,VIJAY,WIN10,WIN10,I5-6500,,4,,,,,,,GURGAONTRADING),,,09-Sep-22,,,,,,0,,,,,,1,,,,
221,IKM/HRD/2019/D-A38,HPRODESK,D,GEETANJALIAWAT,WIN10,WIN10,I5-6500,,4,2010,,,,,,GURGAONTRADING),,,16-Sep-22,,,,,,0,,,,,,1,,,,
222,IKM/HRD/2022/D-A82,HPRODESK004CIT,D,BALWANT,WIN10,WIN10,I5-8500,1TB,8,2010,,,,,,GURGAONTRADING),,,20-Sep-22,,,,,,0,,,,,,1,,,,
223,IKM/HRD/2022/D-A83,HPRODESK004CIT,D,HIMANSHI,WIN10,WIN11,I5-8500,1TB,8,2010,,,,,,GURGAONTRADING),,,20-Sep-22,,,,,,0,,,,,,1,,,,
224,IKM/HRD/2022/D-A84,HPRODESK004CIT,D,HIMANSHI,WIN10,WIN10,I5-8500,1TB,8,2010,,,,,,GURGAONTRADING),,,20-Sep-22,,,,,,0,,,,,,1,,,,
225,IKM/HRD/2022/D-A85,HPRODESK004CIT,D,MANISH,WIN10,WIN11,I5-8500,1TB,8,2010,,,,,,GURGAONTRADING),,,20-Sep-22,,,,,,0,,,,,,1,,,,
226,IKM/HRD/2022/D-B09,HP302,D,ITENDER,WIN10,WIN10,I5-6500,1TB,4B,,,,,,,GURGAONTRADING),,,09-Sep-22,,,,,,0,,,,,,1,,,,
227,IKM/HRD/2022/D-B21,HP80RO6,D,DHEERAJALRA,WIN10,Win10,i5-10400,1TB,8Gb,2010,,,,,,GURGAONTRADING),,,20-Sep-22,,,,,,0,,,,,,1,,,,
228,IKM/HRD/2022/D-B22,HP80RO6,D,VINODAWAT,WIN10,Win10,i5-10400,1TB,8Gb,2010,,,,,,GURGAONTRADING),,,20-Sep-22,,,,,,0,,,,,,1,,,,
229,IKM/HRD/2013/D-A60,DELLPTILEX60,D,PRIYA,Win7ro,Win7ro,C2Q3.0,500B,4B,2010,, ,1,,,INFRAHOME),,,21-Jun-22,,63666,2009,5,5000,5000,,,,,,1,,,,
230,IKM/HRD/2013/D-A96,HPRO090T,D,HIMALI,Win7ro,Win7ro,,,,2010,, ,,,,INFRAHOME),,,21-Jun-22,,29500,2011,5,5000,5000,,,,,,1,,,,
231,IKM/HRD/2013/D-B19,HPRO090T,D,DEEPA ,Win7ro,Win7ro,,,,2010,, ,,,,INFRAHOME),,,21-Jun-22,,29500,2011,5,5000,5000,,,,,,1,,,,
232,IKM/HRD/2013/D-A41,HPX380T,D,PRASHANT,WinP,WinP,,,,,, ,1,,,ITHOME),,,27-Jun-22,,25000,2008,5,5000,5000,,,,,,1,,,,
233,IKM/HRD/2019/D-A55,DELLPTIPLEX060,D,MANOJHARMA,WIN10,WIN10,I7-7700,1TB,8GB,,,,,,,ITHOME),,,24-Jun-22,,,,,,0,,,,,,1,,,,
234,IKM/HRD/2022/D-A93,HP,D,ROSHANUMAR,,,,,,,,,,,,ITHOME),,,24-Jun-22,,,,,,0,,,,,,1,,,,
235,IKM/HRD/2013/D-B87,HCLNFINITE,D,VINIT,NO,Win7ro,,,,2007,, ,,,,NOIDAIT),,,14-Sep-22,,25000,2007,5,2000,2000,,,,,,1,,,,
236,IKM/HRD/2019/D-A19,HPESKTOPROCIT,D,NSEAP,WIN10,WIN10,I5-7500,1TB,4,,,,,,,NOIDAIT),,,10-Oct-22,,,,,,0,,,,,,1,,,,
237,IKM/HRD/2019/D-A37,HPESKTOPRO1T,D,ESCANERVER,WIN10,WIN10,I5-8500,,4,2010,,,,,,NOIDAIT),,,20-Sep-22,,,,,,0,,,,,,1,,,,
238,IKM/HRD/2019/D-A53,ASSAMBLE,D,ROSHANUMAR,NO,WIN10,I7-4790K,120SD50B,16,2010,,,,,,NOIDAIT),,,20-Jun-22,,,,,,0,,,,,,1,,,,
239,IKM/HRD/2022/D-A69,HP802-I5FF,D,MODERATOR,WIN10,WIN10,,,,,,,,,,NOIDAIT),,,14-Sep-22,,,,,,0,,,,,,1,,,,
240,IKM/HRD/2013/D-B40,HPRO090T,D,,Win7ro,Win7ro,C2D2.93,320B,2B,,,1,,,,NOIDANR),,,14-Sep-22,DEAD,29500,2011,5,5000,5000,,,,,,1,,,,
241,IKM/HRD/2013/D-A51,HPDX480T,D,SANTRAM,Winista,Win7ro,C2D2.8,160B,3B,,,1,1,,,NOIDAOTHERS),,,16-Sep-22,,29300,2009,5,5000,5000,,,,,,1,,,,
242,IKM/HRD/2013/D-B07,DELLPTILEX60,D,SHILPI,Win7ro,Win7ro,,,,2010,, ,,,,NOIDAOTHERS),,,05-Jul-22,STOCK,63666,2009,5,5000,5000,,,,,,1,,,,
243,IKM/HRD/2013/D-B64,HPX280T,D,ABHISHEKUMAR,WinP,Win7ro,,,,,, ,,,,DRHOME),,,11-Oct-22,,30000,2008,5,5000,5000,,,,,,1,,,,
244,IKM/HRD/2013/D-B72,DELLASTRO60A,D,DINESHIR,NO,Win7ro,CORE7,500,4,2010,, ,,,,NOIDAOTHERS),,,05-Sep-22,,45000,2011,5,7000,7000,,,,,,1,,,,
245,IKM/HRD/2013/D-B78,DELLPTILEX60,D,,Win7ro,Win7ro,,,,,, ,,,,NOIDAOTHERS),,,10-Oct-22,,63666,2009,5,5000,5000,,,,,,1,,,,
246,IKM/HRD/2013/D-B83,DELLPTILEX60,D,SANTRAM,Winista,Win7ro,C2Q2.83,320,4,,2013, ,1,,,DRHOME),,,10-Oct-22,,63666,2009,5,5000,5000,,,,,,1,,,,
247,IKM/HRD/2022/D-A86,ASSEMBLE,D,192.168.1.132,,LINUX,,,,,,,,,,NOIDAOTHERS),,,05-Jul-22,,,,,,0,,,,,,1,,,,
248,IKM/HRD/2022/D-A89,ASSEMBLE,D,LINUX,NO,LINUX,,,,,,,,,,NOIDAOTHERS),,,05-Jul-22,,,,,,0,,,,,,1,,,,
249,IKM/HRD/2022/D-A98,DELL,D,FEEDR,,,,,,,,,,,,NOIDAOTHERS),,,09-Sep-22,,,,,,0,,,,,,1,,,,
250,IKM/HRD/2013/D-A57,DELLPTILEX60,D,ADMIN-PC,Win7ro,Win7ro,C2Q2.66,500B,4B,2010,,1,,,,NOIDARISK),,,20-Sep-22,,63666,2009,5,5000,5000,,,,,,1,,,,
251,IKM/HRD/2013/D-A94,DELLPTILEX60,D,TRADEFILE,Win7ro,Win7ro,,,,2010,, ,,,,NOIDARISK),,,18-Jun-22,,63666,2009,5,5000,5000,,,,,,1,,,,
252,IKM/HRD/2016/D-C18,HP061,D,PC,NO,Win7ro,I7,500,4B,2010,,,,,,NOIDARISK),Wattanty,,05-Sep-22,,50715,2016,5,7000,7000,,,,,,1,,,,
253,IKM/HRD/2016/D-C21,DELLPTILEX020,D,DEEPAK ,WIN8,WIN8,I7 ,,8B,,,,,,,NOIDARISK),Wattanty,,20-Sep-22,,0,0,0,0,0,,,,,,1,,,,
254,IKM/HRD/2019/D-A43,OPTIPLEX050,D,DEEPAKGGARWAL,WIN10,WIN10,,,,2010,,,,,,NOIDARISK),,,05-Jul-22,,,,,,0,,,,,,1,,,,
255,IKM/HRD/2019/D-A56,Z2ORKSTATIONEON,D,,WIN10,WIN10,XeoneE-2124GC,2TB,16GB,2010,,,,,,NOIDARISK),Wattanty,2022,20-Sep-22,,,,,,0,,,,,,1,,,,
256,IKM/HRD/2019/D-A57,Z2ORKSTATIONEON,D,,WIN10,WIN10,XeoneE-2124GC,2TB,16GB,2010,,,,,,NOIDARISK),Wattanty,2022,05-Jul-22,,,,,,0,,,,,,1,,,,
257,IKM/HRD/2022/D-A70,HP2OWER4ORKSTATIOM,D,,WIN10,WIN10,,,,2010,,,,,,NOIDARISK),,,05-Jul-22,,,,,,0,,,,,,1,,,,
258,IKM/HRD/2022/D-A71,HP2OWER4ORKSTATIOM,D,,WIN10,WIN10,,,,2010,,,,,,NOIDARISK),,,05-Jul-22,,,,,,0,,,,,,1,,,,
259,IKM/HRD/2022/D-A72,HPRODESK004FCIT,D,,WIN10,WIN10,,,,2010,,,,,,NOIDARISK),,,05-Jul-22,,,,,,0,,,,,,1,,,,
260,IKM/HRD/2022/D-A73,OPTIPLEX050,D,,WIN10,WIN10,,,,2010,,,,,,NOIDARISK),,,05-Jul-22,,,,,,0,,,,,,1,,,,
261,IKM/HRD/2022/D-A74,HP2OWER4ORKSTATION,D,,WIN10,WIN10,,,,2010,,,,,,NOIDARISK),,,05-Jul-22,,,,,,0,,,,,,1,,,,
262,IKM/HRD/2022/D-B19,HP80RO6,D,,WIN10,WIN10,I5-10400,,8B,,,,,,,NOIDARISK),,,25-Jul-22,,,,,,0,,,,,,1,,,,
263,IKM/HRD/2022/D-B20,HP28ORKSTATION,D,,WIN10,WIN10,I7-11700,500B,16B,2010,,,,,,NOIDARISK),,,25-Jul-22,,,,,,0,,,,,,1,,,,
264,IKM/HRD/2013/D-A43,DELLASTRO60A,D,MANOJHARMA,Win7ro,Win7ro,,,,2010,2010, ,,,,NOIDASOFTWARE),,,14-Sep-22,,45000,2011,5,7000,7000,,,,,,1,,,,
265,IKM/HRD/2013/D-B05,DELL7OSTRO30A,D,TEJPRAKASH,NO,Win7ro,,,,,2010, ,,,,NOIDASOFTWARE),,,14-Sep-22,,60000,2010,5,9000,9000,,,,,,1,,,,
266,IKM/HRD/2013/D-B27,HPRO090T,D,192.168.1.200,Win7ro,Win7ro,C2D2.93,320B,2B,2010,, ,1,,,NOIDASOFTWARE),,,20-Sep-22,motherboardhange,29500,2011,5,5000,5000,,,,,,1,,,,
267,IKM/HRD/2015/D-C12,HP022T,D,TESTING,WIN8,WIN8,DC,,,,2019,,,,,NOIDASOFTWARE),,14.06.2018,20-Sep-22,ok,31000,2015,5,5000,5000,,,,,,1,,,,
268,IKM/HRD/2019/D-A39,HP802FF,D,VIKASH,WIN10,WIN10,I5-6500,,4,,2013,,,,,NOIDASOFTWARE),,,20-Sep-22,,,,,,0,,,,,,1,,,,
269,IKM/HRD/2022/D-A60,HP022T,D,RAGHAV,WIN8,Win7ro,,,,,2013,,,,,NOIDASOFTWARE),,,20-Sep-22,,,,,,0,,,,,,1,,,,
270,IKM/HRD/2022/D-A61,HPRODESK004CIT,D,VIKRAM,WIN10,WIN10,I5-8500,1TB,8,OFFICE65,2013,,,,,NOIDASOFTWARE),,,20-Sep-22,,,,,,0,,,,,,1,,,,
271,IKM/HRD/2022/D-A62,HPRODESK004CIT,D,AJIT,WIN10,WIN10,I5-8500,1TB,8,,2013,,,,,NOIDASOFTWARE),,,20-Sep-22,,,,,,0,,,,,,1,,,,
272,IKM/HRD/2022/D-A63,HPRODESK004CIT,D,VISHWA,WIN10,WIN10,I5-8500,1TB,8,,2013,,,,,NOIDASOFTWARE),,,20-Sep-22,,,,,,0,,,,,,1,,,,
273,IKM/HRD/2022/D-A87,ASSEMBLE,D,192.168.1.131,NO,LINUX,,,,,,,,,,NOIDASOFTWARE),,,05-Jul-22,,,,,,0,,,,,,1,,,,
274,IKM/HRD/2013/S-A38,DELL00,S,GRAPHISTRIBUTION,NO,Winerver008NT.,,,,2007,, ,,,,NOIDATRADING),,,10-Oct-22,,95000,0,0,0,0,,,,,,1,,,,
275,IKM/HRD/2013/D-A90,HPRO090T,D,ANYDESK,Win7ro,Win7ro,,,,,, ,1,,,NOIDATRADING),,,10-Oct-22,STOCK,29500,2011,5,5000,5000,,,,,,1,,,,
276,IKM/HRD/2013/D-A75,HPOMPAQ000ELIT,D,KAPILHA,Win7ro,Win7ro,C2Q3.0,320B,4B,,, ,1,,,NOIDATRADING),,,20-Sep-22,,40000,2010,5,5000,5000,,,,,,1,,,,
277,IKM/HRD/2013/D-B80,DELLPTILEX60,D,ZOOMRADER,Win7ro,Win7ro,,,,,, ,,-,,NOIDATRADING),,,20-Sep-22,,63666,2009,5,5000,5000,,,,,,1,,,,
278,IKM/HRD/2013/D-B82,DELLASTRO60A,D,NISHANTC,NO,Win7ro,Core(MT)i7-2600PU.40Ghz,500Gb,4GB,,, ,,,,NOIDATRADING),,,10-Oct-22,,45000,2011,5,7000,7000,,,,,,1,,,,
279,IKM/HRD/2015/D-C16,HP022T,D,KRISHAN-SINGH,WIN8,Win8,DC,500,2,2010,,,,,,NOIDATRADING),,16.07.2018,20-Sep-22,ok,31000,2015,5,5000,5000,,,,,,1,,,,
280,IKM/HRD/2019/D-A25,HPESKTOPROCIT,D,ABHIJEETAS,WIN10,WIN10,I5-7500,1TB,4,2010,,,,,,NOIDATRADING),,,20-Sep-22,,,,,,0,,,,,,1,,,,
281,IKM/HRD/2022/D-B04,HP803T,D,JITENDERAISHA,WIN10,WIN10,Core(MT)i5-7500PU3.40Ghz,1Tb,4GB,,,,,,,NOIDATRADING),,,10-Oct-22,,,,,,0,,,,,,1,,,,
282,IKM/HRD/2022/D-B17,HP804T,D,DURGARASAD,WIN10,WIN10,Core(MT)i5-8500PU3.00Ghz,1Tb,8GB,,,,,,,NOIDATRADING),,,20-Sep-22,,,,,,0,,,,,,1,,,,
283,IKM/HRD/2013/D-B46,HPRO090T,D,JITENDERAISHRA,Win7ro,Win7ro,C2D2.93,500B,1B,,,1,,,,NOIDATRADING),,,20-Sep-22,,29500,2011,5,5000,5000,,,,,,1,,,,
284,IKM/HRD/2013/D-A14,HPDX480T,D,SATYAVEER,Winista,Win7ro,C2D2.93,320,2,,, ,,,,NOIDATRADING),,,14-Sep-22,,29300,2009,5,5000,5000,,,,,,1,,,,
285,IKM/HRD/2013/D-A16,HPDX480T,D,,Winista,Win7ro,C2D2.93,160,1,,, ,1,,,NOIDATRADING),,,14-Sep-22,,29300,2009,5,5000,5000,,,,,,1,,,,
286,IKM/HRD/2013/D-A17,HPDX480T,D,SHEET,Winista,Win7ro,PD2.8,160,2,,, ,1,,,NOIDATRADING),,,14-Sep-22,,29300,2009,5,5000,5000,,,,,,1,,,,
287,IKM/HRD/2013/D-A54,HPRO090T,D,ANYDESK,Win7ro,WinP,C2D2.93,320B,2B,,,1,1,,,NOIDATRADING),,,14-Sep-22,Disposeff,29500,2011,5,5000,5000,,,,,,1,,,,
288,IKM/HRD/2013/D-A72,HPDX480T,D,ANYDESK,Winista,Win7ro,C2D2.8,320B,4B,,, ,1,,,NOIDATRADING),,,14-Sep-22,,29300,2009,5,5000,5000,,,,,,1,,,,
289,IKM/HRD/2013/D-A78,HPDX480T,D,DINESHIR,Winista,Win7ro,C2D2.9,320B,2B,,,1,1,,,NOIDATRADING),,,14-Sep-22,,29300,2009,5,5000,5000,,,,,,1,,,,
290,IKM/HRD/2013/D-B25,HPRO090T,D,DINESHIR,Win7ro,Win7ro,C2D.93,320B,2B,,, ,1,,,NOIDATRADING),,,14-Sep-22,,29500,2011,5,5000,5000,,,,,,1,,,,
291,IKM/HRD/2013/D-B50,HPDX480T,D,ANYDESK,Winista,Win7ro,C2D.93,150B,4B,2010,, ,,,,NOIDATRADING),,,14-Sep-22,,29300,2009,5,5000,5000,,,,,,1,,,,
292,IKM/HRD/2013/D-B57,HPX080T ,D,ANYDESK,WinP,Win7ro,INTEL(R)CORETMT2,160,3GB,,,1,,,,NOIDATRADING),,,20-Sep-22,,30000,2007,5,5000,5000,,,,,,1,,,,
293,IKM/HRD/2013/D-B75,DELLOSTRO30,D,ABHISHEK,NO,Win7ro,CORE5,250,3,,, ,,,,NOIDATRADING),,,14-Sep-22,,60000,2010,5,9000,9000,,,,,,1,,,,
294,IKM/HRD/2013/D-B90,HPDX080T,D,SHEET,WinP,Win7ro,C2D2.66,80,2,,, ,1,,,NOIDATRADING),,,14-Sep-22,,30000,2007,5,5000,5000,,,,,,1,,,,
295,IKM/HRD/2013/D-B91,HPX380T,D,SHEET,WinP,Win7ro,C2D2.66,80,1,,, ,,,,NOIDATRADING),,,14-Sep-22,,25000,2008,5,5000,5000,,,,,,1,,,,
296,IKM/HRD/2013/D-B96,HPDX480T,D,SHEET,Winista ,Win7ro,,,,,,1,,,,NOIDATRADING),,,14-Sep-22,,29300,2009,5,5000,5000,,,,,,1,,,,
297,IKM/HRD/2015/D-C17,DELLESTRO3800,D,SACHIN,WIN8,WIN8,I3,500,4,,,,,,,NOIDATRADING),Wattanty,16.08.2018,14-Sep-22,ok,0,0,0,0,0,,,,,,1,,,,
298,IKM/HRD/2019/D-A24,HP803T,D,DINESHUPTA,WIN10,WIN10,I5-7500,1TB,4,2010,,,,,,NOIDATRADING),,,14-Sep-22,,,,,,0,,,,,,1,,,,
299,IKM/HRD/2022/D-A65,HPRODESK004FCIT,D,NAVEEN,WIN10,WIN11,I5-8500,1TB,8GB,,,,,,,NOIDATRADING),,,14-Sep-22,,,,,,0,,,,,,1,,,,
300,IKM/HRD/2022/D-A66,HPRODESK004FCIT,D,SHEET,WIN10,WIN11,I5-8500,1TB,8B,,,,,,,NOIDATRADING),,,14-Sep-22,,,,,,0,,,,,,1,,,,
301,IKM/HRD/2022/D-A67,HPRODESK004FCIT,D,AMITUPTA,WIN10,WIN11,I5-8500,1TB,8B,,,,,,,NOIDATRADING),,,14-Sep-22,,,,,,0,,,,,,1,,,,
302,IKM/HRD/2022/D-A68,HPRODESK004CIT,D,ASHOK,WIN10,WIN10,I5-8500,1TB,8,,,,,,,NOIDATRADING),,,14-Sep-22,,,,,,0,,,,,,1,,,,
303,IKM/HRD/2013/S-A20,BLADE1LDHESIS,S,200.200.200.4(HELPESK,NO,Winerver008NT.,,,,,,,,2008,,NRNNW),,,28-Sep-17,,400000,2010,5,15000,15000,,,,,,1,,,,
304,IKM/HRD/2013/S-A21,BLADE2LDHESIS,S,200.200.200.7ELPESK,NO,Winerver008NT.,,,,,, ,,-,,NRNNW),,,28-Sep-17,,400000,2010,5,15000,15000,,,,,,1,,,,
305,IKM/HRD/2013/S-A22,BLADE3LDHESIS,S,200.200.200.6ANOJHARMA,NO,LINUX,,,,,, ,,,,NRNNW),,,28-Sep-17,,400000,2010,5,15000,15000,,,,,,1,,,,
306,IKM/HRD/2013/S-A23,BLADE4LDHESIS,S,200.200.200.15RAJESH,NO ,LINUX,,,,,,,,,,NRNNW),,,28-Sep-17,,400000,2010,5,15000,15000,,,,,,1,,,,
307,IKM/HRD/2013/S-A24,BLADE5LDHESIS,S,200.200.200.14REE,NO,Winerver008NT.,,,,,, ,,,,NRNNW),,,28-Sep-17,,400000,2010,5,15000,15000,,,,,,1,,,,
308,IKM/HRD/2013/D-A26,HPDX480T,D,PURANAHORI,Winista ,Win7ro,C2D2.66,160,1,,, ,1,,,DRHOME),,,11-Oct-22,,29300,2009,5,5000,5000,,,,,,1,,,,
309,IKM/HRD/2013/D-A19,HPDX480T,D,JAIRAKASH,Winista,LINUX,C2D2.6,160B,1,,, ,1,,,NRNNW),,,26-Sep-22,OkhangeB ,29300,2009,5,5000,5000,,,,,,1,,,,
310,IKM/HRD/2013/S-A26,IBM3650ERVER,S,200.200.200.156,NO,LINUX,,,,,, ,,,,NRNNW),,,26-Sep-22,,160000,0,0,0,0,,,,,,1,,,,
311,IKM/HRD/2013/S-A27,IBM226ERVER,S,OLDHILPICR),NO,Winerver003td.,,,,,VB, ,,2000,,NRNNW),,,10-Oct-22,,270000,2005,5,8000,8000,,,,,,1,,,,
312,IKM/HRD/2013/S-A28,IBM3400ERVER,S,DPACKUP,NO,Winerver003td.,,,,,, ,,,,NRNNW),,,10-Oct-22,,74880,2006,5,8000,8000,,,,,,1,,,,
313,IKM/HRD/2013/S-A29,IBM3400ERVER,S,UAT200.200.200.150),NO,LINUX,,,,,, ,,,,NRNNW),,,26-Sep-22,,74880,2006,5,8000,8000,,,,,,1,,,,
314,IKM/HRD/2013/S-A32,IBM650ERVER,S,SHILPI,NO,Winerver003td.,,,,,, ,,,,NRNNW),,,10-Oct-22,,0,0,0,0,0,,,,,,1,,,,
315,IKM/HRD/2013/S-A34,IBM650ERVER,S,MANOJHARMA,NO,Winerver008NT.,,,,,, ,,-,,NRNNW),,,26-Sep-22,,0,0,0,0,0,,,,,,1,,,,
316,IKM/HRD/2013/S-A35,IBM650ERVER,S,TESTINGERVERRAJESH)(172.16.6.101),NO,LINUX,,,,,, ,,,,NRNNW),,,26-Sep-22,,0,0,0,0,0,,,,,,1,,,,
317,IKM/HRD/2013/S-A41,IBM650ERVER,S,KESHAV172.16.6.55),NO,Winerver008NT.,,,,2010,,,,,,NRNNW),,,26-Sep-22,,0,0,0,0,0,,,,,,1,,,,
318,IKM/HRD/2013/D-A56,HPX480T,D,AMITIWANI,Winista,Win7ro,C2D2.20,160B,2B,2010,, ,,,,NRNNW),,,26-Sep-22,,29300,2009,5,5000,5000,,,,,,1,,,,
319,IKM/HRD/2013/D-A77,MT-M5597-A21,D,MANISHUMAR,NO,WinP,C2D2.8,320B,2B,,, ,,,,NRNNW),,,26-Sep-22,,25000,2007,5,3000,3000,,,,,,1,,,,
320,IKM/HRD/2013/D-B28,IBM978913,D,ANYDESK,NO,Win7ro,C2D2.40,160B,2B,,,,1,,,NRNNW),,,26-Sep-22,,25000,2008,5,2000,2000,,,,,,1,,,,
321,IKM/HRD/2013/D-A44,DELLASTRO60A,D,MANOJHARMA,NO,Win7ro,,,,,2010, ,,,,NRNNW),,,10-Oct-22,,45000,2011,5,7000,7000,,,,,,1,,,,
322,IKM/HRD/2013/D-A62,HPRO090T,D,PURAN,Win7ro,Win7ro,C2D2.93,3200B,3B,,, ,1,,,NRNNW),,,10-Oct-22,STOCK,29500,2011,5,5000,5000,,,,,,1,,,,
323,IKM/HRD/2013/D-A04,HPDX480T,D,RAWATHEET,Winista,WinP,C2D2.66,320,3,,, ,1,,,NRNNW),,,25-Jul-22,,29300,2009,5,5000,5000,,,,,,1,,,,
324,IKM/HRD/2013/D-A08,HPRO090T,D,DALIP ,Win7ro,Win7ro,C2D2.9,160,3,2010,,1,1,,,NRNNW),,,08-Jul-22,DEAD,29500,2011,5,5000,5000,,,,,,1,,,,
325,IKM/HRD/2013/D-A09,HPRO090T,D,DINESHHARMA,Winista,WinP,C2D2.53,160,2,,,1,,,,NRNNW),,,08-Jul-22,,29500,2011,5,5000,5000,,,,,,1,,,,
326,IKM/HRD/2013/D-A25,HPRO090T,D,KESHAV ,Win7ro,Win7ro,C2D2.93,320,2,,, ,,,,NRNNW),,,08-Jul-22,DEAD,29500,2011,5,5000,5000,,,,,,1,,,,
327,IKM/HRD/2013/D-A31,HPDX480T,D,FREE,Winista,WinP,C2D2.93,160,2,,, ,1,,,NRNNW),,,25-Jul-22,DUMP,29300,2009,5,5000,5000,,,,,,1,,,,
328,IKM/HRD/2013/D-A32,HPX080T ,D,BHARATEAT,WinP,WinP,,,,,, ,,,,NRNNW),,,25-Jul-22,,30000,2007,5,5000,5000,,,,,,1,,,,
329,IKM/HRD/2013/D-A40,DELL5OSTRO30A,D,NAVEEN_DIWANI,NO,Win7ro,CORE5,,,2010,,1,1,,,NRNNW),,,25-Jul-22,,45000,2011,5,8000,8000,,,,,,1,,,,
330,IKM/HRD/2013/D-A58,DELLPTILEX60,D,,Winista,WinP,C2Q2.83,320B,4B,,, ,1,,,NRNNW),,,25-Jul-22,,63666,2009,5,5000,5000,,,,,,1,,,,
331,IKM/HRD/2013/D-A82,HPDX480T,D,NITISH,Winista,WinP,C2D2.93,160BB,,,, ,1,,,NRNNW),,,25-Jul-22,,29300,2009,5,5000,5000,,,,,,1,,,,
332,IKM/HRD/2013/D-A84,HPX080T ,D,DINESHHAGAT,NO,LINUX,2D2.20,160B,1B,,, ,,,,NRNNW),,,25-Jul-22,,30000,2007,5,5000,5000,,,,,,1,,,,
333,IKM/HRD/2013/D-A92,DELLPTILEX80,D,NIFTYRAPH,Win7ro,Win7ro,,,,,, ,,,,NRNNW),,,25-Jul-22,,75000,2010,5,10000,10000,,,,,,1,,,,
334,IKM/HRD/2013/D-B06,HPX280T,D,NIRAJHANDARI,WinP,WinP,,,,,,1,1,,,NRNNW),,,25-Jul-22,,30000,2008,5,5000,5000,,,,,,1,,,,
335,IKM/HRD/2013/D-B12,DELLOSTRO30,D,ORMS,NO,Win7ro,,,,,, ,,,,NRNNW),,,08-Jul-22,DEAD,60000,2010,5,9000,9000,,,,,,1,,,,
336,IKM/HRD/2013/D-B13,HPX280T,D,SUNNY ,WinP,WinP,PD2.8,,,,, ,1,,,NRNNW),,,25-Jul-22,,30000,2008,5,5000,5000,,,,,,1,,,,
337,IKM/HRD/2013/D-B26,HPRO090T,D,FREE,Win7ro,Win7ro,C2D2.93,160B,2B,,, ,,,,NRNNW),,,25-Jul-22,,29500,2011,5,5000,5000,,,,,,1,,,,
338,IKM/HRD/2013/D-B35,IBM98595,D,REETA,NO,WinP,C2D.13,160B,2B,,,1,1,,,NRNNW),,,08-Jul-22,Dead,25000,2007,5,2000,2000,,,,,,1,,,,
339,IKM/HRD/2013/D-B37,IBM29832,D,FREE,NO,WinP,C2D.80,250B,3B,,,1,1,,,NRNNW),,,25-Jul-22,,25000,2007,5,2000,2000,,,,,,1,,,,
340,IKM/HRD/2013/D-B41,HPRO090T,D,SHANTIHEET,Win7ro,Win7ro,C2D2.93,320B,2B,2010,,1,,,,NRNNW),,,25-Jul-22,,29500,2011,5,5000,5000,,,,,,1,,,,
341,IKM/HRD/2013/D-B48,DELL30,D,HARIOM,NO,Win7ro,C2D.93,250B,3B,,,1,,,,NRNNW),,,08-Jul-22,DEAD,65000,2010,5,9000,9000,,,,,,1,,,,
342,IKM/HRD/2013/D-B55,HPX280T,D,SAURABHARGINE,WinP,WinP,,,,,,1,,,,NRNNW),,,08-Jul-22,DEAD,30000,2008,5,5000,5000,,,,,,1,,,,
343,IKM/HRD/2013/D-B61,HP280T ,D,DELIP,WinP,WinP,C2D.4,150,2,,,,,,,NRNNW),,,08-Jul-22,DEAD,,,,,,,,,,,1,,,,
344,IKM/HRD/2013/D-B88,DELLOSTRO30,D,SUSHIL ,NO,Win7ro,,,,,, ,,,,NRNNW),,,25-Jul-22,,60000,2010,5,9000,9000,,,,,,1,,,,
345,IKM/HRD/2013/S-A42,IBM650ERVER,S,SW200.200.200.200),NO,Winerver008NT.,,,,2010,,,,,,NRNNW),,,08-Jul-22,,0,0,0,0,0,,,,,,1,,,,
346,IKM/HRD/2015/D-C14,HP022T,D,RATAN ,WIN8,Win7ro,DC,,,,,,,,,NRNNW),,14.06.2018,08-Jul-22,DEAD,31000,2015,5,5000,5000,,,,,,1,,,,
347,IKM/HRD/2022/D-A59,HPLITEDESK005WR,D,AKHILARG,WIN10,WIN10,I5-9500,1TB,8B,2010,,,,,,NRNSOFTWARE),,,16-Sep-22,,,,,,0,,,,,,1,,,,
348,IKM/HRD/2013/D-A66,DELLPTILEX60,D,MUKESH,Win7ro,Win7ro,C2Q3.0,500B,4B,,2013, ,1,,,NRNSOFTWARE),,,09-Sep-22,,63666,2009,5,5000,5000,,,,,,1,,,,
349,IKM/HRD/2013/D-B18,HPRO090T,D,LEASE-SERVER,Win7ro,Win7ro,,,,,, ,,,,NRNSOFTWARE),,,09-Sep-22,,29500,2011,5,5000,5000,,,,,,1,,,,
350,IKM/HRD/2022/D-B02,ASSEMBLE,D,,,,,,,,,,,,,NRNSOFTWARE),,,18-Jun-22,,,,,,0,,,,,,1,,,,
351,IKM/HRD/2022/D-B03,ASSEMBLE,D,,,,,,,,,,,,,NRNSOFTWARE),,,18-Jun-22,,,,,,0,,,,,,1,,,,
352,IKM/HRD/2013/S-A07,BLADE2,S,10.10.2.20,NO,Winerver008NT.,Xeon?5690.47GHz,600GB,48B,,, ,,,,NSEOLO,,,16-Sep-22,,400000,2010,5,15000,15000,,,,,,1,,,,
353,IKM/HRD/2013/S-A08,BLADE3,S,Xeon?5690.47GHz,NO,Winerver003td.,X5670@2.93,600GBTB,32B,,, ,,,,NSEOLO,,,16-Sep-22,,400000,2010,5,15000,15000,,,,,,1,,,,
354,IKM/HRD/2013/S-A09,BLADE4,S,10.10.2.12,No,Winerver008NT.,Xeon?5690.47GHz,600GB,40GB,,, ,,,,NSEOLO,,,16-Sep-22,,400000,2010,5,15000,15000,,,,,,1,,,,
355,IKM/HRD/2013/S-A10,BLADE5,S,10.10.2.27,NO,Winerver008NT.,Xeon?5670.47GHz,600GB00GB,28GB,,, ,,,,NSEOLO,,,16-Sep-22,,400000,2010,5,15000,15000,,,,,,1,,,,
356,IKM/HRD/2013/S-A11,BLADE6,S,10.10.2.35,NO,Xeon?5-2640.50GHz,E5-2640.50,300GB.2B,32GB,,, ,,,,NSEOLO,,,16-Sep-22,,400000,2010,5,15000,15000,,,,,,1,,,,
357,IKM/HRD/2013/S-A12,BLADE7,S,10.10.2.26,NO,LINUX,XeonL55302.40,,32B,,, ,,,,NSEOLO,,,16-Sep-22,"OMNEATABASE,OTNSE",400000,2010,5,15000,15000,,,,,1,,,,
358,IKM/HRD/2013/S-A13,BLADE8,S,10.10.2.10,NO,Winerver008NT.,Xeon?5680.33GHz,1TB,56GB,,, ,,,,NSEOLO,,,16-Sep-22,,400000,2010,5,15000,15000,,,,,,1,,,,
359,IKM/HRD/2013/S-A14,BLADE9,S,10.10.2.49,NO,Winerver008NT.,Xeon?5680.33GHz,600GB,40GB,,, ,,,,NSEOLO,,,16-Sep-22,,400000,2010,5,15000,15000,,,,,,1,,,,
360,IKM/HRD/2013/S-A15,BLADE10,S,10.10.2.7,NO,Winerver008NT.,Xeon?5690.47GHz,600GBTB,28GB,,, ,,,,NSEOLO,,,16-Sep-22,,400000,2010,5,15000,15000,,,,,,1,,,,
361,IKM/HRD/2013/S-A16,BLADE11,S,10.10.2.36,NO,Winerver008NT.,Xeon?5690.47GHz,600GB,48GB,,, ,,,,NSEOLO,,,16-Sep-22,,400000,2010,5,15000,15000,,,,,,1,,,,
362,IKM/HRD/2013/S-A17,BLADE12,S,10.10.2.48,NO,LINUX,Xeon?5-2640.50GHz,600GB,48GB,,, ,,,,NSEOLO,,,16-Sep-22,,400000,2010,5,15000,15000,,,,,,1,,,,
363,IKM/HRD/2013/S-A18,BLADE13,S,10.10.2.33,NO,Winerver008NT.,Xeon?5530.40GHz,600GB,36GB,,, ,,,,NSEOLO,,,16-Sep-22,,400000,2010,5,15000,15000,,,,,,1,,,,
364,IKM/HRD/2013/S-A19,BLADE14,S,10.10.2.6,NO,Winerver008NT.,Xeon?5690.47GHz,300GB,32B,,, ,,,,NSEOLO,,,16-Sep-22,,400000,2010,5,15000,15000,,,,,,1,,,,
365,IKM/HRD/2014/S-A40,BLADE,S,10.10.2.8,NO,Winerver008NT.,Xeon?5690.47GHz,300GB,44GB,,,,,,,NSEOLO,,,16-Sep-22,,400000,2010,5,15000,15000,,,,,,1,,,,
366,IKM/HRD/2022/S-D13,RACK,S,10.10.2.15,NO ,LINUX,i9-7960X.80GHz,250GB,64GB,,,,,,,NSEOLO,,,16-Sep-22,,,,,,0,,,,,,1,,,,
367,IKM/HRD/2022/S-D14,RACK,S,10.10.2.19,NO ,LINUX,i9-10980XE.00GHz,500GB,64B,,,,,,,NSEOLO,,,16-Sep-22,,,,,,0,,,,,,1,,,,
368,IKM/HRD/2022/S-D15,RACK,S,10.10.2.22,NO ,LINUX,i9-10980XE.00GHz,500GB,64B,,,,,,,NSEOLO,,,16-Sep-22,,,,,,0,,,,,,1,,,,
369,IKM/HRD/2022/S-D16,RACK,S,10.10.2.23,NO ,LINUX,i9-9960X.10GHz,256GB,64B,,,,,,,NSEOLO,,,16-Sep-22,,,,,,0,,,,,,1,,,,
370,IKM/HRD/2022/S-D17,RACK,S,10.10.2.60,NO ,Winerver016tandard,Xeon?ilver4214.20GHz,1TB,32GB,,,,,,,NSEOLO,,,16-Sep-22,,,,,,0,,,,,,1,,,,
371,IKM/HRD/2022/S-D18,RACK,S,10.10.2.2,NO ,LINUX,i9-10980XE.00GHz,256GB,64B,,,,,,,NSEOLO,,,16-Sep-22,,,,,,0,,,,,,1,,,,
372,IKM/HRD/2022/S-D19,RACK,S,10.10.2.3,NO ,LINUX,i9-9960X.10GHz,120GB,64B,,,,,,,NSEOLO,,,16-Sep-22,,,,,,0,,,,,,1,,,,
373,IKM/HRD/2022/S-D20,RACK,S,10.10.2.11,NO ,LINUX,i9-9960X.10GHz,120GB,64B,,,,,,,NSEOLO,,,16-Sep-22,,,,,,0,,,,,,1,,,,
374,IKM/HRD/2022/S-D21,RACK,S,10.10.2.14,NO ,LINUX,i9-10980XE.00GHz,250GB,64B,,,,,,,NSEOLO,,,16-Sep-22,,,,,,0,,,,,,1,,,,
375,IKM/HRD/2022/S-D22,RACK,S,10.10.2.21,NO ,LINUX,i9-10980XE.00GHz,250GB,64B,,,,,,,NSEOLO,,,16-Sep-22,,,,,,0,,,,,,1,,,,
376,IKM/HRD/2022/S-D23,RACK,S,10.10.2.24,NO ,LINUX,i9-10980XE.00GHz,500GB,64B,,,,,,,NSEOLO,,,16-Sep-22,,,,,,0,,,,,,1,,,,
377,IKM/HRD/2022/S-D24,RACK,S,10.10.2.30,NO ,LINUX,i9-10980XE.00GHz,500GB,64B,,,,,,,NSEOLO,,,16-Sep-22,,,,,,0,,,,,,1,,,,
378,IKM/HRD/2022/S-D25,RACK,S,10.10.2.37,NO ,LINUX,i9-10980XE.00GHz,128GB,64B,,,,,,,NSEOLO,,,16-Sep-22,,,,,,0,,,,,,1,,,,
379,IKM/HRD/2022/S-D26,RACK,S,10.10.2.32,NO ,LINUX,i9-10980XE.00GHz,500GB,64B,,,,,,,NSEOLO,,,16-Sep-22,,,,,,0,,,,,,1,,,,
380,IKM/HRD/2022/S-D27,RACK,S,10.10.2.38,NO ,LINUX,i9-10980XE.00GHz,256GB,64B,,,,,,,NSEOLO,,,16-Sep-22,,,,,,0,,,,,,1,,,,
381,IKM/HRD/2022/S-D28,RACK,S,10.10.2.39,NO ,LINUX,i9-10980XE.00GHz,250GB,64B,,,,,,,NSEOLO,,,16-Sep-22,,,,,,0,,,,,,1,,,,
382,IKM/HRD/2022/S-D29,RACK,S,10.10.2.51,NO ,LINUX,i9-9960X.10GHz,256GB,64B,,,,,,,NSEOLO,,,16-Sep-22,,,,,,0,,,,,,1,,,,
383,IKM/HRD/2022/S-D31,RACK,S,10.10.2.1,NO ,LINUX,i9-7920X.90GHz,256GB,64B,,,,,,,NSEOLO,,,16-Sep-22,,,,,,0,,,,,,1,,,,
384,IKM/HRD/2022/S-D32,RACK,S,10.10.2.16,NO ,LINUX,i9-9960X.10GHz,500GB,64B,,,,,,,NSEOLO,,,16-Sep-22,,,,,,0,,,,,,1,,,,
385,IKM/HRD/2022/S-D33,RACK,S,10.10.2.17,NO ,LINUX,i9-7920X.90GHz,120GB,64B,,,,,,,NSEOLO,,,16-Sep-22,,,,,,0,,,,,,1,,,,
386,IKM/HRD/2022/S-D34,RACK,S,10.10.2.18,NO ,LINUX,i9-7920X.90GHz,120GB,64B,,,,,,,NSEOLO,,,16-Sep-22,,,,,,0,,,,,,1,,,,
387,IKM/HRD/2022/S-D35,RACK,S,10.10.2.28,NO ,LINUX,i9-9960X.10GHz,256GB,64B,,,,,,,NSEOLO,,,16-Sep-22,,,,,,0,,,,,,1,,,,
388,IKM/HRD/2022/S-D36,RACK,S,10.10.2.31,NO ,LINUX,i9-10980XE.00GHz,500GB,64B,,,,,,,NSEOLO,,,16-Sep-22,,,,,,0,,,,,,1,,,,
389,IKM/HRD/2022/S-D37,RACK,S,10.10.2.34,NO ,LINUX,i9-7920X@.90GHz,120GB,64B,,,,,,,NSEOLO,,,16-Sep-22,,,,,,0,,,,,,1,,,,
390,IKM/HRD/2022/S-D38,RACK,S,10.10.2.52,NO ,LINUX,i9-7920X.90GHz,120GB,64B,,,,,,,NSEOLO,,,16-Sep-22,,,,,,0,,,,,,1,,,,
391,IKM/HRD/2022/S-D39,RACK,S,10.10.2.61,NO ,Winerver016tandard,Xeon?ilver4210.20GHz,2B,128B,,,,,,,NSEOLO,,,16-Sep-22,,,,,,0,,,,,,1,,,,
392,IKM/HRD/2013/D-A39,HPRO090T,D,SANTOSHAIR,Win7ro,WinP,,,,,,1,,,,RISKHOME),,,21-Jun-22,OkhangeB,29500,2011,5,5000,5000,,,,,,1,,,,
393,IKM/HRD/2013/D-B29,HPDX480T,D,MANOJUMAR,Winista,WinP,C2D2.80,160B,1B,2010,,1,,,,RISKHOME),,,21-Jun-22,,29300,2009,5,5000,5000,,,,,,1,,,,
394,IKM/HRD/2013/D-B31,HPDX480T,D,HEMLATA,Winista ,WinP,C2D2.66,160B,1B,2010,,1,,,,RISKHOME),,,21-Jun-22,,29300,2009,5,5000,5000,,,,,,1,,,,
395,IKM/HRD/2013/D-B34,HPRO090T,D,MAHESHALONY,Win7ro,Win7ro,C2D.8,160B,3B,,,1,1,,,RISKHOME),,,24-Jun-22,,29500,2011,5,5000,5000,,,,,,1,,,,
396,IKM/HRD/2022/D-B15,HPRODESK004CIT,D,MEENAHANDARI,WIN10,WIN10,I5-8500,1TB,8,,,,,,,RISKHOME),,,21-Jun-22,,,,,,0,,,,,,1,,,,
397,IKM/HRD/2022/D-B16,HPRODESK004CIT,D,HEMLATA,WIN10,WIN10,I5-8500,1TB,8,,,,,,,RISKHOME),,,21-Jun-22,,,,,,0,,,,,,1,,,,
398,IKM/HRD/2013/S-A01,IBM,S,,NO,Winerver003td.,,,,,, ,,,,Stock,,,20-Jun-22,,150000,2010,5,5000,5000,,,,,,1,,,,
399,IKM/HRD/2015/S-A41,IBM226,S,,,,,,,,,,,,,Stock,,,20-Jun-22,,270000,2005,5,8000,8000,,,,,,1,,,,
400,IKM/HRD/2016/S-A60,LENOVO-S40,S,SHILPLI ,NO ,Winerver003NT.,,,,,,,,,,Stock,Wattanty,,20-Jun-22,,0,0,0,0,0,,,,,,1,,,,
401,IKM/HRD/2019/S-D08,LENOVOX06,S,CR,NO ,Winerver0122,,,,,,,,,,Stock,Wattanty,,20-Jun-22,,,,,,0,,,,,,1,,,,
402,IKM/HRD/2022/D-B23,HPRODESK006FF,D,,WIN10,WIN10,i5-9500 ,1TB,8B,,,,,,,GURGAONTRADING),Wattanty,05.05.2025,10-Oct-22,,,,,,0,,,,,,1,,,,
403,IKM/HRD/2013/D-A01,HPRO090T,D,VICKYOEL,NO,WIN7RO,C2D2.9,320,2,2010,,,1,,,DRHOME),,,,,29500,2011,,,,,,,,Admin,1,Admin,2022-10-20 14:28:21,2022-10-20 14:28:47, PRE_LOADED_OS 
405,IKM/HRD/2022/D-A63,HPRODESK004CIT,D,VISHWA,WIN10,WIN10,I5-8500,1TB,8,,2013,,,2019,,NOIDASOFTWARE),,,,,,,,,,,,,,Admin,1,Admin,2022-10-20 15:15:19,2022-10-20 15:15:30, SOFT_SQL 
409,IKM/HRD/2013/D-A02,HPDX480T,D,REETAY,WINISTA,WIN7RO,C2D2.9,160,128B,,,,1,,,ADHOME),,,,,29300,2009,,,,,,,,User,1,Admin,2022-10-20 17:00:02,2022-10-20 17:03:58, SYS_USER  SYS_HDD  SYS_RAM 
410,IKM/HRD/2022/S-D41,ASD,,,,,,,,,,,,,,,,,,,,,,,,,,,,Admin,1,Admin,2022-10-20 17:06:19,,
411,IKM/HRD/2022/S-D42,WWD,,,,,,,,,,,,,,,,,,,,,,,,,,,,Admin,1,Admin,2022-10-20 17:06:54,2022-10-20 17:08:53,
412,IKM/HRD/2020/D-A58,HP804T,D,ABHISHEKHAUDHARY,WIN 10,WIN10,I5-9400F,1TB,8,,,,,,,DISPOSE,YES,,,,,,,,,,,,,Admin,1,Admin,2022-10-27 16:57:24,2022-10-27 16:57:40, SYS_CPU 
413,IKM/HRD/2020/D-A58,HP804T,D,ABHISHEKHAUDHARY,WIN 10,WIN10,I5-9500,1TB,8,,,,,,,DISPOSE,YES,,,,,,,,,,,,,Admin,1,Admin,2022-10-27 16:58:30,2022-10-27 16:58:35, SYS_CPU 
414,IKM/HRD/2022/D-A66,HPRODESK004FCIT,D,SHEET,WIN 10,WIN11,I5-8500,1TB,8B,,,,,,,NOIDA-TRADING,,,,,,,,,,192.168.12.13,,,,Admin,1,Admin,2022-11-03 12:49:27,2022-11-03 12:54:25, IP 
417,IKM/HRD/2020/D-A58,HP804T,D,ABHISHEKH CAUDHARY,WIN 10,WIN10,I5-9500,1TB,8,,,,,,,DISPOSE,YES,,,,,,,,,,,,,Admin,1,Admin,2022-11-03 12:58:01,2022-11-03 13:01:45, SYS_USER 
421,IKM/HRD/2022/D-A98,IBMTM6423J,D,MOJO,NO,LINUX,160B,1.2B,1,2000,2019,1,1,2008,,AAR-SOFTWARE,,,,,,,,,,,,,,Admin,1,Admin,2022-11-23 13:28:19,2022-11-23 13:28:29,
422,IKM/HRD/2022/S-D43,IBMTM6423J,S,MOJO,NO,LINUX,2D2.20,1.2B,1,2000,2019,1,1,2008,,AAR-SOFTWARE,,,,,,,,,,,,,,Admin,1,Admin,2022-11-23 15:21:04,2022-11-23 15:21:18,
